Naziv,Cijena,Link,Izvor
DELL G15 5530 15.6 inch FHD 165Hz 300nits i7-13650HX 16GB 512GB SSD GeForce RTX 4050 Backlit Ubuntu gaming laptop,1754.58,https://tehnomax.me/racunari-i-komponente/laptop-racunari/dell-g15-5530-156-inch-fhd-165hz-300nits-i7-13650hx-16gb-512gb-ssd-geforce-rtx-4050-backlit-ubuntu-gaming-laptop-.html,Tehnomax
DELL Vostro 3530 15.6 inch FHD 120Hz i3-1305U 8GB 512GB SSD laptop,485.64,https://tehnomax.me/racunari-i-komponente/laptop-racunari/dell-vostro-3530-156-inch-fhd-120hz-i3-1305u-8gb-512gb-ssd-laptop-.html,Tehnomax
DELL Vostro 3530 15.6 inch FHD 120Hz i5-1334U 8GB 512GB SSD Intel Iris Xe YU laptop,595.3,https://tehnomax.me/racunari-i-komponente/laptop-racunari/dell-vostro-3530-156-inch-fhd-120hz-i5-1334u-8gb-512gb-ssd-intel-iris-xe-yu-laptop-.html,Tehnomax
DELL Vostro 3530 15.6 inch FHD 120Hz i7-1355U 16GB 512GB SSD Intel Iris Xe laptop,900.79,https://tehnomax.me/racunari-i-komponente/laptop-racunari/dell-vostro-3530-156-inch-fhd-120hz-i7-1355u-16gb-512gb-ssd-intel-iris-xe-laptop-.html,Tehnomax
ACER Aspire A315 15.6 inča FHD Ryzen 7 5700U 16GB 512GB SSD sivi laptop,607.84,https://tehnomax.me/racunari-i-komponente/laptop-racunari/aspire-a315-156-inca-fhd-ryzen-7-5700u-16gb-512gb-ssd-sivi-laptop.html,Tehnomax
DELL Vostro 3530 15.6 inch FHD 120Hz i5-1334U 8GB 512GB SSD Intel Iris Xe laptop,595.3,https://tehnomax.me/racunari-i-komponente/laptop-racunari/vostro-3530-156-inch-fhd-120hz-i5-1334u-8gb-512gb-ssd-intel-iris-xe-laptop.html,Tehnomax
DELL Latitude 5450 14 inch FHD Core Ultra 7 155U 16GB 512GB SSD Backlit FP SC Win11Pro 3yr ProSupport,2083.56,https://tehnomax.me/racunari-i-komponente/laptop-racunari/latitude-5450-14-inch-fhd-core-ultra-7-155u-16gb-512gb-ssd-backlit-fp-sc-win11pro-3yr-prosupport.html,Tehnomax
DELL Latitude 5450 14 inch FHD Core Ultra 5 125U 8GB 512GB SSD YU Backlit FP Win11Pro 3yr ProSupport,1801.58,https://tehnomax.me/racunari-i-komponente/laptop-racunari/latitude-5450-14-inch-fhd-core-ultra-5-125u-8gb-512gb-ssd-yu-backlit-fp-win11pro-3yr-prosupport.html,Tehnomax
ACER Aspire A315 15.6 inča FHD Ryzen 7 5700U 8GB 512GB SSD sivi laptop,593.74,https://tehnomax.me/racunari-i-komponente/laptop-racunari/aspire-a315-156-inca-fhd-ryzen-7-5700u-8gb-512gb-ssd-sivi-laptop.html,Tehnomax
DELL Inspiron 3535 15.6 inch FHD 120Hz AMD Ryzen 7 7730U 16GB 1TB SSD laptop,830.29,https://tehnomax.me/racunari-i-komponente/laptop-racunari/inspiron-3535-156-inch-fhd-120hz-amd-ryzen-7-7730u-16gb-1tb-ssd-laptop.html,Tehnomax
DELL Inspiron 3535 15.6 inch FHD 120Hz AMD Ryzen 5 7520U 8GB 512GB SSD laptop,563.97,https://tehnomax.me/racunari-i-komponente/laptop-racunari/inspiron-3535-156-inch-fhd-120hz-amd-ryzen-5-7520u-8gb-512gb-ssd-laptop.html,Tehnomax
ACER Aspire Go 15 15.3 inča  WUXGA IPS i5-1334U 16GB 512GB crni,689.3,https://tehnomax.me/racunari-i-komponente/laptop-racunari/acer-aspire-go-15-153-inca-wuxga-ips-i5-1334u-16gb-512gb-crni.html,Tehnomax
ACER Aspire Go 15 15.3 inča  WUXGA IPS i7-1355U 16GB 1TB crni,907.05,https://tehnomax.me/racunari-i-komponente/laptop-racunari/acer-aspire-go-15-153-inca-wuxga-ips-i7-1355u-16gb-1tb-crni.html,Tehnomax
LAPTOP ACER NITRO 5 AN517-42-R71F NH.QGLEX.002,2259.0,https://tehnomax.me/racunari-i-komponente/laptop-racunari/laptop-acer-an517-42-r71f-nitro-nhqglex002.html,Tehnomax
LAPTOP ASUS ROG STRIX G15 G513RM-HQ156W,1894.5,https://tehnomax.me/racunari-i-komponente/laptop-racunari/laptop-asus-g513rm-hq156w-r7-6800h-16g-1t-rtx3060-w11h.html,Tehnomax
LAPTOP ASUS EXPERTBOOK B9400CEA-KC1228X,1521.0,https://tehnomax.me/racunari-i-komponente/laptop-racunari/laptop-asus-b9400cea-kc1228x-i7-1165g7-16g-512g-w11p.html,Tehnomax
LAPTOP HP OMEN 16-B1010NM 6G1Q5EA,1710.0,https://tehnomax.me/racunari-i-komponente/laptop-racunari/laptop-hp-omen-16-b1010nm-i7-16-512-rtx3060-6g1q5ea.html,Tehnomax
LAPTOP DELL G15 5520 i5-12500H/8GB/512GB/RTX 3050TI 5Y5B,1259.1,https://tehnomax.me/racunari-i-komponente/laptop-racunari/laptop-dell-g15-5520-156-120hz-i5-12500h-8g-512g-rtx-3050-ti-5y5b.html,Tehnomax
LAPTOP GIGABYTE AERO 5 KE4 I7-12700H 16GB 1TB SSD RTX 3060 W11H,2038.5,https://tehnomax.me/racunari-i-komponente/laptop-racunari/laptop-gigabyte-aero-5-ke4-i7-12700h-16gb-1tb-ssd-rtx-3060-w11h.html,Tehnomax
LAPTOP ACER NITRO 5 AN515-46-R4M3 NH.QGZEX.009,1395.0,https://tehnomax.me/racunari-i-komponente/laptop-racunari/laptop-acer-nitro-an515-46-r4m3-nhqgzex009.html,Tehnomax
LAPTOP ACER NITRO 5 AN515-46-R9TD NH.QH1EX.007,1890.0,https://tehnomax.me/racunari-i-komponente/laptop-racunari/laptop-acer-nitro-an515-46-r5nk-nhqh1ex007.html,Tehnomax
LAPTOP ASUS VIVOBOOK X1505ZA-OLED-L521,742.5,https://tehnomax.me/racunari-i-komponente/laptop-racunari/laptop-asus-x1505za-oled-l521.html,Tehnomax
LAPTOP ASUS VIVOBOOK M1603QA-MB521,679.5,https://tehnomax.me/racunari-i-komponente/laptop-racunari/laptop-asus-m1603qa-mb521.html,Tehnomax
LAPTOP DELL VOSTRO 3525 15.6' RYZEN 3 5425U/8GB/256GB SSD 5Y5B,540.0,https://tehnomax.me/racunari-i-komponente/laptop-racunari/laptop-dell-vostro-3525-156-ryzen-3-5425u-8gb-256gb-ssd-5y5b.html,Tehnomax
LAPTOP ACER PREDATOR HELIOS 300 PH317-56-70PS NH.QGQEX.004,2263.5,https://tehnomax.me/racunari-i-komponente/laptop-racunari/laptop-acer-ph317-56-70ps-nhqgqex004.html,Tehnomax
LAPTOP ASUS VIVOBOOK X1502ZA-BQ512 I5-1235U/8G/512,504.0,https://tehnomax.me/racunari-i-komponente/laptop-racunari/laptop-asus-vivobook-x1502za-bq512.html,Tehnomax
LAPTOP ASUS STRIX G15 G513RM-LN397,1699.2,https://tehnomax.me/racunari-i-komponente/laptop-racunari/laptop-asus-g513rm-ln397-r7-6800h-16g-1t-rtx3060.html,Tehnomax
LAPTOP ASUS TUF GAMING F15 FX506LHB-HN324,899.1,https://tehnomax.me/racunari-i-komponente/laptop-racunari/laptop-asus-fx506lhb-hn324.html,Tehnomax
LAPTOP GIGABYTE G5 I5-12500H 16GB 512GB GEFORCE RTX 3050 NOT21059,1098.0,https://tehnomax.me/racunari-i-komponente/laptop-racunari/laptop-gigabyte-g5-i5-12500h-16gb-512gb-geforce-rtx-3050-not21059.html,Tehnomax
LAPTOP GIGABYTE G5 ME I5-12500H/16GB/512GB/RTX 3050 TI,1129.5,https://tehnomax.me/racunari-i-komponente/laptop-racunari/laptop-gigabyte-g5-me-156-144hz-i5-12500h-16g-512g-rtx-3050-ti.html,Tehnomax
LAPTOP GIGABYTE G5 GE 144HZ I5/8GB/512GB/RTX 3050,899.1,https://tehnomax.me/racunari-i-komponente/laptop-racunari/laptop-gigabyte-g5-ge-156-144hz-i5-12500h-8gb-512-rtx-3050.html,Tehnomax
LAPTOP HP VICTUS GAMING 15-FB0051NM 7H311EA,747.0,https://tehnomax.me/racunari-i-komponente/laptop-racunari/laptop-hp-victus-15-fb0051nm-7h311ea.html,Tehnomax
LAPTOP ACER NITRO 5 AN515-46-R5NK NH.QH1EX.003,2133.0,https://tehnomax.me/racunari-i-komponente/laptop-racunari/laptop-acer-nitro-an515-46-r5nk-nhqh1ex003.html,Tehnomax
LAPTOP ACER ASPIRE 3 A315-24P-R26R NX.KDEEX.00B,531.0,https://tehnomax.me/racunari-i-komponente/laptop-racunari/laptop-acer-a315-24p-r26r-nxkdeex00b.html,Tehnomax
LAPTOP ACER ASPIRE 3 A315-24P-R8D1 NX.KDEEX.00U,585.0,https://tehnomax.me/racunari-i-komponente/laptop-racunari/laptop-acer-a31a315-24p-r8d1-nxkdeex00u.html,Tehnomax
LAPTOP HP OMEN 17-CK1010NM 7H5U9EA,3555.0,https://tehnomax.me/racunari-i-komponente/laptop-racunari/laptop-hp-omen-17-ck1010nm-i9-12gen-32g-2t-rtx3080ti-7h5u9ea.html,Tehnomax
LAPTOP HP VICTUS 15-FA0040NM 6M559EA,796.5,https://tehnomax.me/racunari-i-komponente/laptop-racunari/laptop-hp-victus-15-fa0040nm-6m559ea.html,Tehnomax
LAPTOP HP OMEN 16-N0006NM 6M5R7EA,1890.0,https://tehnomax.me/racunari-i-komponente/laptop-racunari/laptop-hp-omen-16-n0006nm-r7-16gb-1tb-rtx3060-w11-6m5r7ea.html,Tehnomax
LAPTOP ASUS  ROG ZEPHYRUS DUO 16 GX650PY-NM010X,5040.0,https://tehnomax.me/racunari-i-komponente/laptop-racunari/laptop-asus-16-gx650py-nm010x-r9-32g-2tb-rtx4090w11p.html,Tehnomax
LAPTOP HP OMEN 16-K0004NM 6M5Q1EA,1723.5,https://tehnomax.me/racunari-i-komponente/laptop-racunari/laptop-hp-omen-16-k0004nm-6m5q1ea.html,Tehnomax
LAPTOP ASUS ROG ZEPHYRUS DUO 16 GX650PZ-NM014X,4499.1,https://tehnomax.me/racunari-i-komponente/laptop-racunari/laptop-asus-zephirus-gx650pz-nm014x-r9-32g-1t-rtx4080-w11.html,Tehnomax
LAPTOP ACER PREDATOR HELIOS PH16-71-9310 NH.QJSEX.007,3213.0,https://tehnomax.me/racunari-i-komponente/laptop-racunari/laptop-ac-ph16-71-9310-predator-helios-nhqjsex007.html,Tehnomax
LAPTOP ASUS UX582ZW-OLED-H941X I9/32/1T/3070TI/WIN11,3465.0,https://tehnomax.me/racunari-i-komponente/laptop-racunari/laptop-asus-ux582zw-oled-h941x-i9-32-1t-3070ti-win11_21089.html,Tehnomax
LAPTOP GIGABYTE G5 GE  KF 15.3' 144HZ I5-12500H 8GB 512GB RTX 3050,810.0,https://tehnomax.me/racunari-i-komponente/laptop-racunari/laptop-gigabyte-g5-ge-kf-153-144hz-i5-12500h-8gb-512gb-rtx-3050.html,Tehnomax
MACBOOK PRO 14 APPLE SILVER/M3/8C/10C GPU/8GB/512GB-ZEE MR7J3ZE/A,2210.0,https://tehnomax.me/racunari-i-komponente/laptop-racunari/macbook-pro-14-apple-silver-m3-8c-10c-gpu-8gb-512gb-zee-mr7j3ze-a.html,Tehnomax
LAPTOP HP PAV X360 14-DY0004NM I3-1125G4/8G/512,720.0,https://tehnomax.me/racunari-i-komponente/laptop-racunari/laptop-hp-pav-x360-14-dy0004nm-i3-1125g4-8g-512.html,Tehnomax
LAPTOP ACER NITRO 5 AN515-46-R17V NH.QGXEX.007 + DUB-M810 USB-C HUB,1197.0,https://tehnomax.me/racunari-i-komponente/laptop-racunari/laptop-acer-nitro-5-an515-46-r17v-nhqgxex007-dub-m810-usb-c-hub.html,Tehnomax
LAPTOP ACER AN517-41-R0AG NITRO NH.QBHEX.00E+DUB M810 (USB-C HUB),1579.5,https://tehnomax.me/racunari-i-komponente/laptop-racunari/laptop-acer-an517-41-r0ag-nitro-nhqbhex00edub-m810-usb-c-hub.html,Tehnomax
LAPTOP ACER A315-24P-R8D1 NX.KDEEX.00U+DUB-M810 (USB-C HUB),567.0,https://tehnomax.me/racunari-i-komponente/laptop-racunari/laptop-acer-a315-24p-r8d1-nxkdeex00udub-m810-usb-c-hub.html,Tehnomax
LAPTOP ACER ASPIRE A315-58-51D4,432.0,https://tehnomax.me/racunari-i-komponente/laptop-racunari/laptop-acer-aspire-a315-58-51d4.html,Tehnomax
"LAPTOP ASUS ZENBOOK 14"" UM3402YAR-OLED-KM521W R5-7530U/16/512/W11H + DUB D-LINK USB",1089.0,https://tehnomax.me/racunari-i-komponente/laptop-racunari/laptop-asus-zenbook-14-um3402yar-oled-km521w-r5-7530u-16-512-w11h-dub-d-link-usb.html,Tehnomax
LAPTOP ASUS VIVOBOOK PRO K6502VU-OLED-MA531X + DUB-M810,1759.5,https://tehnomax.me/racunari-i-komponente/laptop-racunari/laptop-asus-vivobook-pro-k6502vu-oled-ma531x-dub-m810.html,Tehnomax
LAPTOP ASUS VIVOBOOK GO 15 X1504VA-BQ522,702.0,https://tehnomax.me/racunari-i-komponente/laptop-racunari/laptop-asus-vivobook-go-15-x1504va-bq522.html,Tehnomax
LAPTOP ACER A515-57-70TD NX.KN4EX.00H+DUB-M810,854.1,https://tehnomax.me/racunari-i-komponente/laptop-racunari/laptop-acer-a515-57-70td-nxkn4ex00hdub-m810.html,Tehnomax
LAPTOP ACER A515-57-538V NX.KN4EX.00C + DUB-M810,719.1,https://tehnomax.me/racunari-i-komponente/laptop-racunari/laptop-acer-a515-57-538v-nxkn4ex00c-dub-m810.html,Tehnomax
MACBOOK AIR 13.6 APPLE SPACE GREY/M3/8C GPU/8GB/256GB-ZEE MRXN3ZE/A,1355.29,https://tehnomax.me/racunari-i-komponente/laptop-racunari/macbook-air-136-apple-space-grey-m3-8c-gpu-8gb-256gb-zee-mrxn3ze-a.html,Tehnomax
MACBOOK AIR 13.6 APPLE MIDNIGHT/M3/8C GPU/8GB/256GB-ZEE MRXV3ZE/A,1355.29,https://tehnomax.me/racunari-i-komponente/laptop-racunari/macbook-air-136-apple-midnight-m3-8c-gpu-8gb-256gb-zee-mrxv3ze-a.html,Tehnomax
LAPTOP ASUS G614JU-N3111W I7-13650HX/16G/1T/RTX4050/W11H,1971.0,https://tehnomax.me/racunari-i-komponente/laptop-racunari/laptop-asus-g614ju-n3111w-i7-13650hx-16g-1t-rtx4050-w11h.html,Tehnomax
LAPTOP ACER A315-44P-R6GG NX.KSJEX.00R,499.5,https://tehnomax.me/racunari-i-komponente/laptop-racunari/laptop-acer-a315-44p-r6gg-nxksjex00r.html,Tehnomax
LAPTOP ASUS VIVOBOOK PRO K6502VU-OLED-MA931X,2016.0,https://tehnomax.me/racunari-i-komponente/laptop-racunari/laptop-asus-vivobook-pro-k6502vu-oled-ma931x.html,Tehnomax
LAPTOP ASUS EXPERTBOOK B5602FBA-OLED-UI73D0X,1683.0,https://tehnomax.me/racunari-i-komponente/laptop-racunari/laptop-asus-expertbook-b5602fba-oled-ui73d0x.html,Tehnomax
LAPTOP ASUS VIVOBOOK X1505VA-OLED-L521,828.0,https://tehnomax.me/racunari-i-komponente/laptop-racunari/laptop-asus-vivobook-x1505va-oled-l521.html,Tehnomax
LAPTOP ASUS VIVOBOOK 15 X1504VA-NJ799,522.0,https://tehnomax.me/racunari-i-komponente/laptop-racunari/laptop-asus-vivobook-15-x1504va-nj799.html,Tehnomax
LAPTOP ACER SFX14-71G-707H NX.KEVEX.00A,1755.0,https://tehnomax.me/racunari-i-komponente/laptop-racunari/laptop-acer-sfx14-71g-707h-nxkevex00a.html,Tehnomax
"LAPTOP ACER ASPIRE A315-59-75PU, NX.K6VEX.00C",805.5,https://tehnomax.me/racunari-i-komponente/laptop-racunari/laptop-acer-aspire-a315-59-75pu-nxk6vex00c.html,Tehnomax
LAPTOP ACER NITRO AN17-41-R2LT NH.QL1EX.00D,1512.0,https://tehnomax.me/racunari-i-komponente/laptop-racunari/laptop-acer-nitro-an17-41-r2lt-nhql1ex00d.html,Tehnomax
LAPTOP ACER PH16-71-956T NH.QJREX.008,2700.0,https://tehnomax.me/racunari-i-komponente/laptop-racunari/laptop-acer-ph16-71-956t-nhqjrex008.html,Tehnomax
LAPTOP ACER A315-44P-R9TA NX.KSJEX.019,499.0,https://tehnomax.me/racunari-i-komponente/laptop-racunari/laptop-acer-a315-44p-r9ta-nxksjex019.html,Tehnomax
LAPTOP ACER A515-57-70TD NX.KN4EX.00H,774.0,https://tehnomax.me/racunari-i-komponente/laptop-racunari/laptop-acer-a515-57-70td-nxkn4ex00h.html,Tehnomax
LAPTOP HP PAV. 14-DV1039NM I5-1155G7/8G/256 634N4EA,625.5,https://tehnomax.me/racunari-i-komponente/laptop-racunari/laptop-hp-pav-14-dv1039nm-i5-1155g7-8g-256-634n4ea.html,Tehnomax
LAPTOP ACER A515-57-538V NX.KN4EX.00C,670.5,https://tehnomax.me/racunari-i-komponente/laptop-racunari/laptop-acer-a515-57-538v-nxkn4ex00c.html,Tehnomax
"LAPTOP HP 15S-EQ2160NM R5-5500 16GB 512, 8C9R2EA",506.7,https://tehnomax.me/racunari-i-komponente/laptop-racunari/laptop-hp-15s-eq2160nm-r5-5500-16gb-512-8c9r2ea.html,Tehnomax
LAPTOP HP 15-FC0037NM R3-7320U 8G512 8D6M9EA,468.0,https://tehnomax.me/racunari-i-komponente/laptop-racunari/laptop-hp-15-fc0037nm-r3-7320u-8g512-8d6m9ea.html,Tehnomax
LAPTOP HP 15-FC0036NM R3-7320U 8GB 512GB 8D6M8EA,481.5,https://tehnomax.me/racunari-i-komponente/laptop-racunari/laptop-hp-15-fc0036nm-r3-7320u-8gb-512gb-8d6m8ea.html,Tehnomax
LAPTOP NITRO ACER AN517-55-77SU NITRO NH.QLGEX.00D,1395.0,https://tehnomax.me/racunari-i-komponente/laptop-racunari/laptop-nitro-acer-an517-55-77su-nitro-nhqlgex00d.html,Tehnomax
"LAPTOP HP 250 G9 I3-1215U 8G512,6S7B3EA",441.0,https://tehnomax.me/racunari-i-komponente/laptop-racunari/laptop-hp-250-g9-i3-1215u-8g5126s7b3ea.html,Tehnomax
LAPTOP ACER PREDATOR HELIOS NEO PHN16-72-91PQ NH.QREEX.009,2295.0,https://tehnomax.me/racunari-i-komponente/laptop-racunari/laptop-acer-predator-helios-neo-phn16-72-91pq-nhqreex009.html,Tehnomax
LAPTOP ASUS VIVOBOOK K3604VA-OLED-L731W+DUB-M810,1440.0,https://tehnomax.me/racunari-i-komponente/laptop-racunari/laptop-asus-vivobook-k3604va-oled-l731wdub-m810.html,Tehnomax
LAPTOP ACER EX215-55-57QP NX.EGYEX.00R+TORBA MS NOTE D100,575.1,https://tehnomax.me/racunari-i-komponente/laptop-racunari/laptop-acer-ex215-55-57qp-nxegyex00rtorba-ms-note-d100.html,Tehnomax
LAPTOP ASUS UX7602ZM-OLED-ME951X I9-12900H/32G/2T/3060/W11P,3599.1,https://tehnomax.me/racunari-i-komponente/laptop-racunari/laptop-asus-ux7602zm-oled-me951x-i9-12900h-32g-2t-3060-w11p.html,Tehnomax
"LAPTOP ASUS E1504FA-NJ319 R5-7520U/16G/512G 15.6""",517.5,https://tehnomax.me/racunari-i-komponente/laptop-racunari/laptop-asus-e1504fa-nj319-r5-7520u-16g-512g-156.html,Tehnomax
LAPTOP ASUS VIVOBOOK X1504ZA-NJ903,598.5,https://tehnomax.me/racunari-i-komponente/laptop-racunari/laptop-asus-vivobook-x1504za-nj903.html,Tehnomax
LAPTOP ACER EX215-55-57QP NX.EGYEX.00R,567.0,https://tehnomax.me/racunari-i-komponente/laptop-racunari/laptop-acer-ex215-55-57qp-nxegyex00r.html,Tehnomax
LAPTOP ACER A315-44P-R450 NX.KSJEX.014+TORBA,469.8,https://tehnomax.me/racunari-i-komponente/laptop-racunari/laptop-acer-a315-44p-r450-nxksjex014torba.html,Tehnomax
LAPTOP HP 250 G9 I3 1215U/8GB/256 6F1Z7EA,395.1,https://tehnomax.me/racunari-i-komponente/laptop-racunari/laptop-hp-250-g9-i3-1215u-8gb-256-6f1z7ea.html,Tehnomax
LAPTOP ASUS X1505VA-MA437 OLED I713-700H/16G/512G,846.0,https://tehnomax.me/racunari-i-komponente/laptop-racunari/laptop-asus-x1505va-ma437-oled-i713-700h-16g-512g.html,Tehnomax
LAPTOP ASUS K3400PA OLED KM511,809.1,https://tehnomax.me/racunari-i-komponente/laptop-racunari/laptop-asus-k3400pa-oled-km511.html,Tehnomax
LAPTOP DELL VOSTRO 3591 i5-1135G7/8GB/256GB SSD/IRIS NOT01841,629.1,https://tehnomax.me/racunari-i-komponente/laptop-racunari/laptop-dell-vostro-3510-156-fhd-i5-1135g7-8gb-256gb-ssd-intel-iris-xe-crni-5y5b-mis.html,Tehnomax
LAPTOP GIGABYTE G5 KD-52EE123SD,1296.0,https://tehnomax.me/racunari-i-komponente/laptop-racunari/laptop-gigabyte-g5-kd-52ee123sd.html,Tehnomax
LAPTOP ASUS EXPERTBOOK B1500CEAE-EJ0270R,539.1,https://tehnomax.me/racunari-i-komponente/laptop-racunari/laptop-asus-b1500ceae-ej0270r-w10p.html,Tehnomax
LAPTOP ACER PH315-54-732Y NH.QC1EX.007,1710.0,https://tehnomax.me/racunari-i-komponente/laptop-racunari/laptop-acer-ph315-54-732y-nhqc1ex007.html,Tehnomax
LAPTOP ACER SWIFT 3 SF314-43-R3BC NX.AB1EX.00U,629.1,https://tehnomax.me/racunari-i-komponente/laptop-racunari/laptop-acer-sf314-43-r3bc.html,Tehnomax
LAPTOP HP 250 G8 3V5N7EA,529.2,https://tehnomax.me/racunari-i-komponente/laptop-racunari/laptop-hp-250-g8-i3-1115g4-8gb-256gb-w10h-3v5n7ea.html,Tehnomax
LAPTOP HP 15S-FQ3009NM 4Q630EA,351.0,https://tehnomax.me/racunari-i-komponente/laptop-racunari/laptop-hp-15s-fq3009nm-4q630ea.html,Tehnomax
LAPTOP DELL VOSTRO 5502 I5-1135G7/8GB/256GB/IRIS,679.5,https://tehnomax.me/racunari-i-komponente/laptop-racunari/laptop-dell-vostro-5502-156-fhd-i5-1135g7-8gb-256gb-ssd-intel-iris-xe-backlit-sivi.html,Tehnomax
MACBOOK AIR 13.6 APPLE SPACE GREY/M2/8C GPU/8GB/256GB-ZEE MLXW3ZE/A,999.0,https://tehnomax.me/racunari-i-komponente/laptop-racunari/macbook-air-136-apple-space-grey-m2-8c-gpu-8gb-256gb-zee-mlxw3ze-a.html,Tehnomax
MACBOOK AIR 13.6 APPLE SILVER/M2/8C GPU/8GB/256GB-ZEE MLXY3ZE/A,999.0,https://tehnomax.me/racunari-i-komponente/laptop-racunari/macbook-air-136-apple-silver-m2-8c-gpu-8gb-256gb-zee-mlxy3ze-a.html,Tehnomax
LAPTOP ACER SWIFT 1 SF114-34-P1W8 NX.A77EX.00H,479.7,https://tehnomax.me/racunari-i-komponente/laptop-racunari/laptop-acer-sf114-34-p1w8-nxa77ex00h.html,Tehnomax
MACBOOK PRO 13.3 APPLE SL/M2/8C CPU/10C GPU/8GB/256GB-ZEE MNEP3ZE/A,1598.82,https://tehnomax.me/racunari-i-komponente/laptop-racunari/macbook-pro-133-apple-sl-m2-8c-cpu-10c-gpu-8gb-256gb-zee-mnep3ze-a.html,Tehnomax
LAPTOP ASUS VIVOBOOK X515EA-BQ311,468.0,https://tehnomax.me/racunari-i-komponente/laptop-racunari/laptop-asus-x515ea-bq311.html,Tehnomax
LAPTOP HP 15S-FQ2041NM 434D4EA,360.0,https://tehnomax.me/racunari-i-komponente/laptop-racunari/laptop-hp-15s-fq2041nm-i3-11-4-256-434d4ea.html,Tehnomax
LAPTOP DELL VOSTRO 3525 AMD RYZEN 5 5625U/8GB/512GB NOT20089,580.5,https://tehnomax.me/racunari-i-komponente/laptop-racunari/laptop-dell-vostro-3525-156-fhd-120hz-amd-ryzen-5-5625u-8gb-512gb-ssd-not20089.html,Tehnomax
LAPTOP LENOVO IDEAPAD GAMING 3 15ARH7 82SB00CWYA,1170.0,https://tehnomax.me/racunari-i-komponente/laptop-racunari/laptop-lenovo-ideapad-gaming-3-15arh7-82sb00cwya.html,Tehnomax
LAPTOP HP VICTUS 15-FB0015NM 6M4P5EA,900.0,https://tehnomax.me/racunari-i-komponente/laptop-racunari/laptop-hp-viktus-15-fb0015nm-6m4p5ea.html,Tehnomax
LAPTOP HP 15S-FQ2025NM 2R2R8EA,539.1,https://tehnomax.me/racunari-i-komponente/laptop-racunari/laptop-hp-15s-fq2025nm-2r2r8ea.html,Tehnomax
LAPTOP LENOVO IDEAPAD GAMING 3 15IHU6 82K101CDYA,828.0,https://tehnomax.me/racunari-i-komponente/laptop-racunari/laptop-lenovo-ideapad-gaming-3-15ihu6-82k101cdya.html,Tehnomax
LAPTOP ACER ASPIRE 3 A315-43-R9D5 NX.K7UEX.014,526.5,https://tehnomax.me/racunari-i-komponente/laptop-racunari/laptop-acer-a315-43-r9d5-nxk7uex014.html,Tehnomax
"LAPTOP LENOVO IDEAPAD SLIM 3 16ABR8 16"" IPS RYZEN 7 7730U/16GB/512GB/RADEON GRAPHICS",558.0,https://tehnomax.me/racunari-i-komponente/laptop-racunari/laptop-lenovo-ideapad-slim-3-16abr8-16-ips-ryzen-7-7730u-16gb-512gb-radeon-graphics.html,Tehnomax
"UX8406CA-QL075W, 14""/FHD/H Core Ultra 7/32G/1TB/W11H/INT/GRY/2Y",2109.07,https://tehnomax.me/racunari-i-komponente/laptop-racunari/ux8406ca-ql075w-14-fhd-h-core-ultra-7-32g-1tb-w11h-int-gry-2y.html,Tehnomax
"NOT AC ANV15-41-R7ET, NH.QSGEX.008",1073.31,https://tehnomax.me/racunari-i-komponente/laptop-racunari/not-ac-anv15-41-r7et-nhqsgex008.html,Tehnomax
MACBOOK PRO 14 APPLE SILVER/M4 PRO/14C/20C GPU/24GB/1TB MX2F3ZE/A,3240.0,https://tehnomax.me/racunari-i-komponente/laptop-racunari/macbook-pro-14-apple-silver-m4-pro-14c-20c-gpu-24gb-1tb-mx2f3ze-a.html,Tehnomax
"FA507UI-HQ029, 15,6""/QHD/R 9 8945H/32GB/S1TB/RTX 4070-8GB/DOS/RGY/2Y",2067.64,https://tehnomax.me/racunari-i-komponente/laptop-racunari/fa507ui-hq029-156-qhd-r-9-8945h-32gb-s1tb-rtx-4070-8gb-dos-rgy-2y.html,Tehnomax
"ANV15-41-R5H1, 15,6/FHD/Ryzen 5 6600H/16GB/S512GB/RTX2050/DOS/BLK/2Y",827.31,https://tehnomax.me/racunari-i-komponente/laptop-racunari/anv15-41-r5h1-156-fhd-ryzen-5-6600h-16gb-s512gb-rtx2050-dos-blk-2y.html,Tehnomax
"ANV15-41-R12K, 15,6""/FHD/Ryzen7 7735HS/16GB/S512GB/RTX4060/DOS/BLK/2Y",1241.62,https://tehnomax.me/racunari-i-komponente/laptop-racunari/anv15-41-r12k-156-fhd-ryzen7-7735hs-16gb-s512gb-rtx4060-dos-blk-2y.html,Tehnomax
LAPTOP DELL VOSTRO 3520 15.6' FHD 120HZ I3-1215U/512GB NOT23899,378.0,https://tehnomax.me/racunari-i-komponente/laptop-racunari/laptop-dell-vostro-3520-156-fhd-120hz-i3-1215u-512gb-not23899.html,Tehnomax
MACBOOK PRO 14 APPLE SILVER/M4/10C/10C GPU/16GB/1TB MW2X3ZE/A,2385.0,https://tehnomax.me/racunari-i-komponente/laptop-racunari/macbook-pro-14-apple-silver-m4-10c-10c-gpu-16gb-1tb-mw2x3ze-a.html,Tehnomax
LAPTOP HP PROBOOK 455 G10 R5-7530/15GB/512GB AK9Q3AT,585.0,https://tehnomax.me/racunari-i-komponente/laptop-racunari/laptop-hp-probook-455-g10-r5-7530-15gb-512gb-ak9q3at.html,Tehnomax
"LAPTOP ASUS 15.6"" X1504VA-BQ005 I5-1335U/16GB/512GB",666.0,https://tehnomax.me/racunari-i-komponente/laptop-racunari/laptop-asus-156-x1504va-bq005-i5-1335u-16gb-512gb.html,Tehnomax
LAPTOP ACER AL16-52P-57CR NX.J5SEX.022,499.5,https://tehnomax.me/racunari-i-komponente/laptop-racunari/laptop-acer-al16-52p-57cr-nxj5sex022.html,Tehnomax
LAPTOP LENOVO V15 G4 I3-1315U/16GB/512GB/YU 83A1006XYA,405.0,https://tehnomax.me/racunari-i-komponente/laptop-racunari/laptop-lenovo-v15-g4-i3-1315u-16gb-512gb-yu-83a1006xya.html,Tehnomax
LAPTOP LENOVO THINKBOOK 16 G6 ABP 21KK008PYA,666.0,https://tehnomax.me/racunari-i-komponente/laptop-racunari/laptop-lenovo-thinkbook-16-g6-abp-21kk008pya.html,Tehnomax
LAPTOP LENOVO V15 G4 IRU I5-13420H/16GB/512GB/YU/3Y 83A100ABY,535.5,https://tehnomax.me/racunari-i-komponente/laptop-racunari/laptop-lenovo-v15-g4-iru-i5-13420h-16gb-512gb-yu-3y-83a100aby.html,Tehnomax
LAPTOP LENOVO TB 16 IRL G6 I5-13420H/16GB/512GB/DOS/3Y 21 KH00T5YA,666.0,https://tehnomax.me/racunari-i-komponente/laptop-racunari/laptop-lenovo-tb-16-irl-g6-i5-13420h-16gb-512gb-dos-3y-21-kh00t5ya.html,Tehnomax
LAPTOP LENOVO IDEAPAD  15AMN7 R3-7320U/8GB-DDR5/512GB,315.0,https://tehnomax.me/racunari-i-komponente/laptop-racunari/laptop-lenovo-ideapad-15amn7-r3-7320u-16gb-ddr5-512gb_45532.html,Tehnomax
"UX3407RA-QD026X, 14/WUXGA/X Elite X1E/32GB/S1TB/INT/W11P/GRY/2Y",1837.18,https://tehnomax.me/racunari-i-komponente/laptop-racunari/ux3407ra-qd026x-14-wuxga-x-elite-x1e-32gb-s1tb-int-w11p-gry-2y.html,Tehnomax
"X1504ZA-NJ847, 15,6""/FHD/i3-1215U/8GB/S512GB/INT/DOS/BLU/2Y",438.9,https://tehnomax.me/racunari-i-komponente/laptop-racunari/x1504za-nj847-156-fhd-i3-1215u-8gb-s512gb-int-dos-blu-2y.html,Tehnomax
"NOT AC A315-44P-R4VE, NX.KSJEX.023",666.77,https://tehnomax.me/racunari-i-komponente/laptop-racunari/not-ac-a315-44p-r4ve-nxksjex023.html,Tehnomax
"NOT AC A315-44P-R65Z, NX.KSJEX.022",516.59,https://tehnomax.me/racunari-i-komponente/laptop-racunari/not-ac-a315-44p-r65z-nxksjex022.html,Tehnomax
LAPTOP LENOVO IDEAPAD SLIM 3 15ABR8 R7-7730U/16GB/512GB 82XM00LAYA GREY,499.5,https://tehnomax.me/racunari-i-komponente/laptop-racunari/laptop-lenovo-ideapad-slim-3-15abr8-r7-7730u-16gb-512gb-82xm00laya-grey.html,Tehnomax
LAPTOP LENOVO IDEAPAD SLIM 3 15ABR8 R7-7730U/16GB/512GB 82XM00LBYA BLUE,499.5,https://tehnomax.me/racunari-i-komponente/laptop-racunari/laptop-lenovo-ideapad-slim-3-15abr8-r7-7730u-16gb-512gb-82xm00lbya-blue.html,Tehnomax
LAPTOP ACER A315-44P-R4VE NX.KSJEX.023,639.0,https://tehnomax.me/racunari-i-komponente/laptop-racunari/laptop-acer-a315-44p-r4ve-nxksjex023.html,Tehnomax
"NB ASUS 15,6"" FA506NC-HN012 R5-7535HS/H/16G/512G/RTX3050",969.73,https://tehnomax.me/racunari-i-komponente/laptop-racunari/nb-asus-156-fa506nc-hn012-r5-7535hs-h-16g-512g-rtx3050.html,Tehnomax
LAPTOP ASUS X1504ZA-NJ847 I3-1215U/8GB/512GB/WIFI 6E/BT PLAVA 90NB1021-M016X0,427.5,https://tehnomax.me/racunari-i-komponente/laptop-racunari/laptop-asus-x1504za-nj847-i3-1215u-8gb-512gb-wifi-6e-bt-plava-90nb1021-m016x0.html,Tehnomax
"LAPTOP LENOVO IDEAPAD SLIM 3 15IAH8 ABYSS BLUE 15.6"" I5-12450H/8GB/512GB/UHD",450.0,https://tehnomax.me/racunari-i-komponente/laptop-racunari/laptop-lenovo-ideapad-slim-3-15iah8-abyss-blue-156-i5-12450h-8gb-512gb-uhd.html,Tehnomax
LAPTOP ASUS ROG STRIX G713PI-LL116W W11H,2430.0,https://tehnomax.me/racunari-i-komponente/laptop-racunari/laptop-asus-rog-strix-g713pi-ll116w-w11h.html,Tehnomax
DELL Inspiron 3535 15.6 inch FHD 120Hz AMD Ryzen 7 7730U 32GB 1TB SSD laptop,877.29,https://tehnomax.me/racunari-i-komponente/laptop-racunari/dell-inspiron-3535-156-inch-fhd-120hz-amd-ryzen-7-7730u-32gb-1tb-ssd-laptop-.html,Tehnomax
"ACER Nitro V 15 ANV15-41-R8SD 15.6 inča FHD Ryzen 5 6600H, 16GB,  512GB SSD GeForce RTX 3050 crni",1088.78,https://tehnomax.me/racunari-i-komponente/laptop-racunari/acer-nitro-v-15-anv15-41-r8sd-156-inca-fhd-ryzen-5-6600h-16gb-512gb-ssd-geforce-rtx-3050-crni-.html,Tehnomax
DELL Vostro 3520 15.6 inch FHD 120Hz i3-1215U 8GB 512GB SSD + torba + mis,452.74,https://tehnomax.me/racunari-i-komponente/laptop-racunari/dell-vostro-3520-156-inch-fhd-120hz-i3-1215u-8gb-512gb-ssd-torba-mis-.html,Tehnomax
DELL Vostro 3530 15.6 inch FHD 120Hz i7-1355U 8GB 512GB SSD Intel Iris Xe Backlit laptop,885.12,https://tehnomax.me/racunari-i-komponente/laptop-racunari/dell-vostro-3530-156-inch-fhd-120hz-i7-1355u-8gb-512gb-ssd-intel-iris-xe-backlit-laptop-.html,Tehnomax
GIGABYTE A16 CMH 16 inch FHD+ 165Hz 300nits i5-13420H 16GB 512GB SSD GeForce RTX 4050 6GB Backlit gaming laptop,1095.04,https://tehnomax.me/racunari-i-komponente/laptop-racunari/gigabyte-a16-cmh-16-inch-fhd-165hz-300nits-i5-13420h-16gb-512gb-ssd-geforce-rtx-4050-6gb-backlit-gaming-laptop-.html,Tehnomax
"LAPTOP LENOVO IDEAPAD  SLIM 5 14IRH10 LUNA GREY 14"" I5-13420H/32GB/1TB/UHD",765.0,https://tehnomax.me/racunari-i-komponente/laptop-racunari/laptop-lenovo-ideapad-slim-5-14irh10-luna-grey-14-i5-13420h-32gb-1tb-uhd.html,Tehnomax
"LAPTOP ASUS X1504ZA-NJ1080 I3-1215U/16GB/512GB 15.6""",468.0,https://tehnomax.me/racunari-i-komponente/laptop-racunari/laptop-asus-x1504za-nj1080-i3-1215u-16gb-512gb-156.html,Tehnomax
LAPTOP LENOVO IDEAPAD  SLIM 5 14IRH10 COSMIC BLUE 14' I5-13420H/32GB/1TB/UHD,765.0,https://tehnomax.me/racunari-i-komponente/laptop-racunari/laptop-lenovo-ideapad-slim-5-14irh10-cosmic-blue-14-i5-13420h-32gb-1tb-uhd.html,Tehnomax
DELL Vostro 3530 15.6 inch FHD 120Hz i5-1334U 16GB 512GB SSD Intel Iris Xe laptop,618.8,https://tehnomax.me/racunari-i-komponente/laptop-racunari/dell-vostro-3530-156-inch-fhd-120hz-i5-1334u-16gb-512gb-ssd-intel-iris-xe-laptop-.html,Tehnomax
LAPTOP ASUS VIVOBOOK 14 KM413UA-WB511T,549.0,https://tehnomax.me/racunari-i-komponente/laptop-racunari/laptop-asus-km413ua-wb511tmis.html,Tehnomax
LAPTOP HP OMEN 17-CB1021NM 2L2H3EA,2024.1,https://tehnomax.me/racunari-i-komponente/laptop-racunari/laptop-hp-omen-17-cb1021nm-i9-16-512-rtx2080-2l2h3ea.html,Tehnomax
LAPTOP ACER ASPIRE 5 A514-54-3064 NX.A29EX.004,522.0,https://tehnomax.me/racunari-i-komponente/laptop-racunari/laptop-acer-a514-54-3064-14i3-1115g4-12gb-256.html,Tehnomax
LAPTOP ASUS ZENBOOK 14 UX425JA-WB501T,765.0,https://tehnomax.me/racunari-i-komponente/laptop-racunari/laptop-asus-ux425ja-wb501t.html,Tehnomax
MACBOOK AIR 13.3 APPLE SPG/M1/8C CPU/7C GPU/8GB/256GB-ZEE MGN63ZE/A,899.0,https://tehnomax.me/racunari-i-komponente/laptop-racunari/macbook-air-133-apple-spg-8c-cpu-7c-gpu-8gb-256gb-zee-mgn63ze-a.html,Tehnomax
LAPTOP GIGABYTE G5 KC-5EE1130SD  NOT18209,1169.1,https://tehnomax.me/racunari-i-komponente/laptop-racunari/laptop-gigabyte-g5-kc-5ee1130sd-not18209.html,Tehnomax
"LAPTOP ACER ASPIRE GO 15 15.3"" WUXGA IPS I7-1355U/16GB/1TB CRNI NOT24614",749.63,https://tehnomax.me/racunari-i-komponente/laptop-racunari/laptop-acer-aspire-go-15-153-wuxga-ips-i7-1355u-16gb-1tb-crni-not24614.html,Tehnomax
LAPTOP ACER PREDATOR PH16-72-90D0 NH.QRAEX.004,3510.0,https://tehnomax.me/racunari-i-komponente/laptop-racunari/laptop-acer-predator-ph16-72-90d0-nhqraex004.html,Tehnomax
LAPTOP LENOVO V15-AMN G4 R3-7320U 8GB/256GB/DOS/3Y 82YU00YWYA,359.1,https://tehnomax.me/racunari-i-komponente/laptop-racunari/laptop-lenovo-v15-amn-g4-r3-7320u-8gb-256gb-dos-3y-82yu00ywya.html,Tehnomax
"LAPTOP LENOVO LOQ 15IAX9I GREY 15.6"" IPS 144HZ I5/16GB/1TB",846.9,https://tehnomax.me/racunari-i-komponente/laptop-racunari/laptop-lenovo-loq-15iax9i-grey-156-ips-144hz-i5-16gb-1tb.html,Tehnomax
GIGABYTE G5 MF5 15.6 inch FHD 144Hz i7-13620H 16GB 1TB SSD GeForce RTX 4050 6GB Backlit gaming laptop,1362.93,https://tehnomax.me/racunari-i-komponente/laptop-racunari/g5-mf5-156-inch-fhd-144hz-i7-13620h-16gb-1tb-ssd-geforce-rtx-4050-6gb-backlit-gaming-laptop.html,Tehnomax
GIGABYTE G6X 9KG 16 inch FHD+ 165Hz i7-13650HX 16GB 1TB SSD GeForce RTX 4060 8GB RGB Backlit gaming laptop,1550.92,https://tehnomax.me/racunari-i-komponente/laptop-racunari/g6x-9kg-16-inch-fhd-165hz-i7-13650hx-16gb-1tb-ssd-geforce-rtx-4060-8gb-rgb-backlit-gaming-laptop.html,Tehnomax
"LAPTOP ASUS M5406NA-QD080 OLED R5-7535HS/16G/512 14""",841.5,https://tehnomax.me/racunari-i-komponente/laptop-racunari/laptop-asus-m5406na-qd080-oled-r5-7535hs-16g-512-14.html,Tehnomax
LAPTOP ASUS ROG ZEPHYRUS G16 GU605MI-QR153W,2934.0,https://tehnomax.me/racunari-i-komponente/laptop-racunari/laptop-asus-rog-zephyrus-g16-gu605mi-qr153w.html,Tehnomax
LAPTOP HP PB455G9 R5-5625U/8GB/512 9M3Q0AT,449.1,https://tehnomax.me/racunari-i-komponente/laptop-racunari/laptop-hp-pb-455-g9-r5-8gb-512-9m3q0at.html,Tehnomax
LAPTOP HP 15S-FQ5062NM I7-1255U/16GB/512GB 8C9Y0EA,783.0,https://tehnomax.me/racunari-i-komponente/laptop-racunari/laptop-hp-15s-fq5062nm-i7-1255u-16gb-512gb-8c9y0ea.html,Tehnomax
LAPTOP HP 15-FC0095NM R7-7730U/16GB/512GB A74SPEA,733.5,https://tehnomax.me/racunari-i-komponente/laptop-racunari/laptop-hp-15-fc0095nm-r7-7730u-16gb-512gb-a74spea.html,Tehnomax
LAPTOP HP 14S-DQ5032NM I3-1215U/8G256 A8KM8EA,400.5,https://tehnomax.me/racunari-i-komponente/laptop-racunari/laptop-hp-14s-dq5032nm-i3-1215u-8g256-a8km8ea.html,Tehnomax
LAPTOP HP 15S-FQ5065NM I5-1235U/16GB/512GB 8C9E7EA,607.5,https://tehnomax.me/racunari-i-komponente/laptop-racunari/laptop-15s-fq5065nm-i5-1235u-16gb-512gb-8c9e7ea.html,Tehnomax
"LAPTOP ACER 15.6"" EX215-55-3819 I3-1215U/8GB/512GB",339.21,https://tehnomax.me/racunari-i-komponente/laptop-racunari/laptop-acer-156-ex215-55-3819-i3-1215u-8gb-512gb.html,Tehnomax
"LAPTOP DELL VOSTRO 3520 15.6"" FHD 120 HZ I3-1215U/16GB/512GB",409.5,https://tehnomax.me/racunari-i-komponente/laptop-racunari/laptop-dell-vostro-3520-156-fhd-120-hz-i3-1215u-16gb-512gb.html,Tehnomax
LAPTOP LENOVO IDEAPAD 1 15IGL7 15.6' INTEL CELERON N4020/8GB/256GB PLAVI,283.5,https://tehnomax.me/racunari-i-komponente/laptop-racunari/laptop-lenovo-ideapad-1-15igl7-156-intel-celeron-n4020-8gb-256gb-sivi.html,Tehnomax
LAPTOP LENOVO IDEAPAD 1 15IGL7 15.6' INTEL CELERON N4020/8GB/256GB SIVI,283.5,https://tehnomax.me/racunari-i-komponente/laptop-racunari/laptop-lenovo-ideapad-1-15igl7-156-intel-celeron-n4020-8gb-256gb-plavi.html,Tehnomax
ACER Nitro 5 AN515 15.6 inča FHD IPS 144Hz Ryzen 7 6800H 16GB 512GB SSD GeForce RTX 3060 laptop + Postolje i hladnjak + MIŠ + RUKSAK,1566.59,https://tehnomax.me/racunari-i-komponente/laptop-racunari/nitro-5-an515-156-inca-fhd-ips-144hz-ryzen-7-6800h-16gb-512gb-ssd-geforce-rtx-3060-laptop-postolje-i-hladnjak-mis-ruksak.html,Tehnomax
"ACER Nitro 5 AN515 15.6"" FHD IPS 165Hz Ryzen 7 6800H 16GB 1TB SSD GeForce RTX 3070Ti laptop + Postolje i hladnjak za laptop NotePal L2 + MIŠ + RUKSAK",1723.25,https://tehnomax.me/racunari-i-komponente/laptop-racunari/nitro-5-an515-156-fhd-ips-165hz-ryzen-7-6800h-16gb-1tb-ssd-geforce-rtx-3070ti-laptop-postolje-i-hladnjak-za-laptop-notepal.html,Tehnomax
LAPTOP ACER A315-44P-R67R NX.KSJEX.006,531.0,https://tehnomax.me/racunari-i-komponente/laptop-racunari/laptop-acer-a315-44p-r67r-nxksjex006.html,Tehnomax
LAPTOP ACER A315-44P-R6PK NX.KSJEX.016,463.5,https://tehnomax.me/racunari-i-komponente/laptop-racunari/laptop-acer-a315-44p-r6pk-nxksjex016.html,Tehnomax
LAPTOP ACER PHN16-71-70LL NH.QLVEX.00R,1800.0,https://tehnomax.me/racunari-i-komponente/laptop-racunari/laptop-acer-phn16-71-70ll-nhqlvex00r.html,Tehnomax
LAPTOP ASUS TUF GAMING A15 FA507UV-LP111 R9-8945H/16G/1TB/RTX4060,1593.0,https://tehnomax.me/racunari-i-komponente/laptop-racunari/laptop-asus-tuf-gaming-a15-fa507uv-lp111-r9-8945h-16g-1tb-rtx4060.html,Tehnomax
LAPTOP ASUS ROG STRIX G16 G614JU-N3136,1566.0,https://tehnomax.me/racunari-i-komponente/laptop-racunari/laptop-asus-rog-strix-g16-g614ju-n3136.html,Tehnomax
LAPTOP LENOVO IDEAPAD 1 15ALC7 SIVA 15.6' RYZEN5 5500U/8GB/512GB/RADEON GRAPH,450.0,https://tehnomax.me/racunari-i-komponente/laptop-racunari/laptop-lenovo-ideapad-1-15alc7-siva-156-ryzen5-5500u-16gb-512gb-radeon-graph.html,Tehnomax
"LAPTOP ACER ASPIRE A315 15.6"" FHD RYZEN 7 5700U/16GB/512GB",502.34,https://tehnomax.me/racunari-i-komponente/laptop-racunari/laptop-acer-aspire-a315-156-fhd-ryzen-7-5700u-16gb-512gb.html,Tehnomax
LAPTOP ACER AN517-55-56BE NITRO NH.QLGEX.00B,1305.0,https://tehnomax.me/racunari-i-komponente/laptop-racunari/laptop-acer-an517-55-56be-nitro-nhqlgex00b.html,Tehnomax
LAPTOP ASUS N6506MV-MA043W,1953.0,https://tehnomax.me/racunari-i-komponente/laptop-racunari/laptop-asus-n6506mv-ma043w.html,Tehnomax
DELL Latitude 3450 14 inch FHD i5-1335U 8GB 512GB SSD Backlit FP Ubuntu 3yr ProSupport laptop,1174.94,https://tehnomax.me/racunari-i-komponente/laptop-racunari/latitude-3450-14-inch-fhd-i5-1335u-8gb-512gb-ssd-backlit-fp-ubuntu-3yr-prosupport-laptop.html,Tehnomax
DELL Vostro 3440 14 inch FHD+ i5-1334U 16GB 512GB SSD Intel Iris Xe Backlit laptop,861.62,https://tehnomax.me/racunari-i-komponente/laptop-racunari/vostro-3440-14-inch-fhd-i5-1334u-16gb-512gb-ssd-intel-iris-xe-backlit-laptop.html,Tehnomax
MACBOOK PRO 14 APPLE SPACE BLACK/M4/10C/10C GPU/16GB/512GB MW2U3ZE/A,2110.0,https://tehnomax.me/racunari-i-komponente/laptop-racunari/macbook-pro-14-apple-space-black-m4-10c-10c-gpu-16gb-512gb-mw2u3ze-a.html,Tehnomax
MACBOOK PRO 14 APPLE SILVER/M4/10C/10C GPU/16GB/512GB MW2W3ZE/A,2110.0,https://tehnomax.me/racunari-i-komponente/laptop-racunari/macbook-pro-14-apple-silver-m4-10c-10c-gpu-16gb-512gb-mw2w3ze-a.html,Tehnomax
MACBOOK PRO 14 APPLE SILVER/M4 PRO/12C/16C GPU/24GB/512GB MX2E3ZE/A,2701.0,https://tehnomax.me/racunari-i-komponente/laptop-racunari/macbook-pro-14-apple-silver-m4-pro-12c-16c-gpu-24gb-512gb-mx2e3ze-a.html,Tehnomax
MACBOOK PRO 14 APPLE SPACE BLACK/M4 PRO/12C/16C GPU/24GB/512GB MX2H3ZE/A,2701.0,https://tehnomax.me/racunari-i-komponente/laptop-racunari/macbook-pro-14-apple-space-black-m4-pro-12c-16c-gpu-24gb-512gb.html,Tehnomax
MACBOOK PRO 14 APPLE SPACE BLACK/M4 MAX/14C/32C GPU/36GB/1TB MX2K3ZE/A,4320.0,https://tehnomax.me/racunari-i-komponente/laptop-racunari/macbook-pro-14-apple-space-black-m4-max-14c-32c-gpu-36gb-1tb--mx2k3ze-a.html,Tehnomax
MACBOOK PRO 16 APPLE SPACE BLACK/M4 PRO/14C/20C GPU/24GB/512GB MX2X3ZE/A,3240.0,https://tehnomax.me/racunari-i-komponente/laptop-racunari/macbook-pro-16-apple-space-black-m4-pro-14c-20c-gpu-24gb-512gb-mx2x3ze-a.html,Tehnomax
MACBOOK PRO 16 APPLE SPACE BLACK/M4 PRO/14C/20C GPU/48GB/512GB MX2Y3ZE/A,3774.0,https://tehnomax.me/racunari-i-komponente/laptop-racunari/macbook-pro-16-apple-space-black-m4-pro-14c-20c-gpu-48gb-512gb-mx2y3ze-a.html,Tehnomax
MACBOOK PRO 16 APPLE SPACE BLACK/M4 MAX/16C/40C GPU/48GB/1TB MX313ZE/A,5250.0,https://tehnomax.me/racunari-i-komponente/laptop-racunari/macbook-pro-16-apple-space-black-m4-max-16c-40c-gpu-48gb-1tb-mx313ze-a.html,Tehnomax
LAPTOP ASUS VIVOBOOK 15 X150AZA-NJ870,495.0,https://tehnomax.me/racunari-i-komponente/laptop-racunari/laptop-racunar-asus-vivobook-15-x150aza-nj870.html,Tehnomax
LAPTOP ASUS 15.6' X1504AVA-NJ924 I5-1335U/16GB/512GB,585.0,https://tehnomax.me/racunari-i-komponente/laptop-racunari/laptop-racunar-asus-156-x1504ava-nj924-i5-1335u-16gb-512gb.html,Tehnomax
LAPTOP ACER EX215-23-R2TV NX.EH3EX.013,526.5,https://tehnomax.me/racunari-i-komponente/laptop-racunari/laptop-racunar-acer-ex215-23-r2tv-nxeh3ex013.html,Tehnomax
"NOT LENOVO V15-IJL G2 15,6"" CELERON N4500/8G/256G/DOS/3Y, 82QY00QCYA",304.25,https://tehnomax.me/racunari-i-komponente/laptop-racunari/not-lenovo-v15-ijl-g2-156-celeron-n4500-8g-256g-dos-3y-82qy00qcya.html,Tehnomax
"NOT LN V15-AMN G4 R5-7520U/16G/512G/DOS/YU/3Y, 82YU00YQYA",516.59,https://tehnomax.me/racunari-i-komponente/laptop-racunari/not-lenovo-v15-amn-g4-r5-7520u-16g-512g-dos-3y-82yu00yqya.html,Tehnomax
"NOT LN V15 G4 IRU I5-13420H 16G/512G/DOS/YU/3Y, 83A100ABYA",542.48,https://tehnomax.me/racunari-i-komponente/laptop-racunari/not-ln-v15-g4-iru-i5-13420h-16g-512g-dos-yu-3y-83a100abya.html,Tehnomax
"M1502YA-BQ018, 15,6""/FHD/Ryzen 7 7730U/16GB/S1TB/INT/DOS/BLU/2Y",736.68,https://tehnomax.me/racunari-i-komponente/laptop-racunari/nb-asus-156-m1502ya-bq018-r7-7730u-16g-1tb.html,Tehnomax
"NB ASUS 15,6"" X1504VA-BQ005 I5-1335U/16G/512G",684.9,https://tehnomax.me/racunari-i-komponente/laptop-racunari/nb-asus-156-x1504va-bq005-i5-1335u-16g-512g.html,Tehnomax
"NB ASUS 15,6"" X1504ZA-NJ887 i5-1235U/16GB/512GB",529.53,https://tehnomax.me/racunari-i-komponente/laptop-racunari/nb-asus-156-x1504za-nj887-i5-1235u-16gb-512gb.html,Tehnomax
"E1504FA-NJ935, 15,6""/FHD/Ryzen 3 7230U/8GB/S512GB/INT/DOS/GRN/2Y",438.9,https://tehnomax.me/racunari-i-komponente/laptop-racunari/nb-asus-156-e1504fa-nj935-r3-7320u-8g-512g.html,Tehnomax
LAPTOP LENOVO IDEAPAD SLIM 5 14ABR8 14' AMD RYZEN 7 7730U/16GB/512GB/RADEON GRAPH GREY,769.5,https://tehnomax.me/racunari-i-komponente/laptop-racunari/laptop-racunar-lenovo-ideapad-slim-5-14abr8-14-amd-ryzen-7-7730u-16gb-512gb-radeon-graph-grey.html,Tehnomax
"NB ASUS 14"" TP3402VA-LZ452 Touch i3-1315U/8G/512GB/Bl",697.84,https://tehnomax.me/racunari-i-komponente/laptop-racunari/nb-asus-14-tp3402va-lz452-touch-i3-1315u-8g-512gb-bl.html,Tehnomax
"FA507NUR-LP003, 15,6/FHD/7-7435HS/16GB/RTX4550/S512GB",1280.46,https://tehnomax.me/racunari-i-komponente/laptop-racunari/fa507nur-lp003-156-fhd-7-7435hs-16gb-rtx4550-s512gb.html,Tehnomax
LAPTOP HP 455 G10 R5-7530I 8GB/512GB/854S1ES#BED,648.0,https://tehnomax.me/racunari-i-komponente/laptop-racunari/laptop-racunar-hp-455-g10-r5-7530i-8gb-512gb-854s1esbed.html,Tehnomax
LAPTOP HP 250 G9 I3-1215U 8GB/512/9M3H9AT,400.5,https://tehnomax.me/racunari-i-komponente/laptop-racunari/laptop-racunar-hp-250-g9-i3-1215u-8gb-512-9m3h9at.html,Tehnomax
LAPTOP DELL VOSTRO 3520 15.6' FHD 120HZ I3-1215U/16GB/512GB NOT22726/NOT24749,414.31,https://tehnomax.me/racunari-i-komponente/laptop-racunari/laptop-dell-vostro-3520-156-fhd-120hz-i3-1215u-16gb-512gb-not22726.html,Tehnomax
LAPTOP ASUS TUF GAMING FA707NUR-HX002,1381.5,https://tehnomax.me/racunari-i-komponente/laptop-racunari/laptop-racunar-asus-tuf-gaming-fa707nur-hx002.html,Tehnomax
LAPTOP ACER A315-44P-R1H1 NX.KSJEX.00E,693.0,https://tehnomax.me/racunari-i-komponente/laptop-racunari/laptop-racunar-acer-a315-44p-r1h1-nxksjex00e.html,Tehnomax
LAPTOP LENOVO IDEAPAD 1 15IGL7 15.6' CELERON N4500/8GB DDR4/512GB M.2/UHD GRAPHICS 600 GREY,305.1,https://tehnomax.me/racunari-i-komponente/laptop-racunari/laptop-racunar-lenovo-ideapad-1-15igl7-156-celeron-n4500-8gb-ddr4-512gb-m2-uhd-graphics-600-grey.html,Tehnomax
MACBOOK AIR 13.6 APPLE SILVER/M2/8C GPU/16GB/256GB-ZEE MC7V4ZE/A,1049.0,https://tehnomax.me/racunari-i-komponente/laptop-racunari/macbook-air-136-apple-silver-m2-8c-gpu-16gb-256gb-zee-mc7v4ze-a.html,Tehnomax
MACBOOK AIR 13.6 APPLE STARLIGHT/M2/8C GPU/16GB/256GB-ZEE MC7W4ZE/A,1049.0,https://tehnomax.me/racunari-i-komponente/laptop-racunari/macbook-air-136-apple-starlight-m2-8c-gpu-16gb-256gb-zee-mc7w4ze-a.html,Tehnomax
MACBOOK AIR 13.6 APPLE MIDNIGHT/M2/8C GPU/16GB/256GB-ZEE MC7X4ZE/A,1049.0,https://tehnomax.me/racunari-i-komponente/laptop-racunari/macbook-air-136-apple-midnight-m2-8c-gpu-16gb-256gb-zee-mc7x4ze-a.html,Tehnomax
MACBOOK PRO 16 APPLE SILVER/M4 PRO/14C/20C GPU/24GB/512GB MX2T3ZE/A,3240.0,https://tehnomax.me/racunari-i-komponente/laptop-racunari/macbook-pro-16-apple-silver-m4-pro-14c-20c-gpu-24gb-512gb-mx2t3ze-a.html,Tehnomax
LAPTOP ACER A315-59--76ZH NX.K6SEX.01P+TORBA MS NOTE D100,610.94,https://tehnomax.me/racunari-i-komponente/laptop-racunari/laptop-acer-a315-59-76zh-nxk6sex01ptorba-ms-note-d100.html,Tehnomax
GIGABYTE G6 MF 16 inch FHD+ 165Hz i7-13620H 16GB 1TB SSD GeForce RTX 4050 6GB RGB Backlit gaming laptop,1394.26,https://tehnomax.me/racunari-i-komponente/laptop-racunari/g6-mf-16-inch-fhd-165hz-i7-13620h-16gb-1tb-ssd-geforce-rtx-4050-6gb-rgb-backlit-gaming-laptop.html,Tehnomax
LAPTOP LENOVO IDEAPAD  15AMN7 R3-7320U/16GB-DDR5/512GB,360.0,https://tehnomax.me/racunari-i-komponente/laptop-racunari/laptop-lenovo-ideapad-15amn7-r3-7320u-16gb-ddr5-512gb.html,Tehnomax
LAPTOP LENOVO IDEAPAD  15IAN8 I3-N305/8GB-DDR5/512GB SILVER,346.5,https://tehnomax.me/racunari-i-komponente/laptop-racunari/laptop-lenovo-ideapad-15ian8-i3-n305-8gb-ddr5-512gb.html,Tehnomax
LAPTOP DELL VOSTRO 3530 15.6' FHD 120HZ I3-1305U/16GB/256GB NOT23621,409.5,https://tehnomax.me/racunari-i-komponente/laptop-racunari/laptop-dell-vostro-3530-156-fhd-120hz-i3-1305u-16gb-256gb-not23621.html,Tehnomax
LAPTOP ASUS 15.6' X1504VA-NJ1144 I3-1315U/16GB/512GB,522.0,https://tehnomax.me/racunari-i-komponente/laptop-racunari/laptop-asus-156-x1504va-nj1144-i3-1315u-16gb-512gb.html,Tehnomax
LAPTOP GIGABYTE G6X 9KG 16' FHD 165HZ I7-13650HX/16GB/1TB SSD/RTX 4060 8GB NOT23500,1281.75,https://tehnomax.me/racunari-i-komponente/laptop-racunari/laptop-gigabyte-g6x-9kg-16-fhd-165hz-i7-13650hx-16gb-1tb-ssd-rtx-4060-8gb-not23500.html,Tehnomax
LAPTOP HP 255 G10 R3-7330U/8GB/512GB/7N0C5ES,468.0,https://tehnomax.me/racunari-i-komponente/laptop-racunari/laptop-hp-255-g10-r3-7330u-8gb-512gb-7n0c5es.html,Tehnomax
LAPTOP HP NOT250 G9 I5/16GB/512GB/9M3J5AT#BED,522.0,https://tehnomax.me/racunari-i-komponente/laptop-racunari/laptop-hp-not250-g9-i5-16gb-512gb-9m3j5atbed.html,Tehnomax
LAPTOP LENOVO IDEAPAD 1 15IGL7 15.6' CELERON N4500/8GB DDR4/512GB M.2/UHD GRAPHICS 600 BLUE,305.1,https://tehnomax.me/racunari-i-komponente/laptop-racunari/laptop-lenovo-ideapad-1-15igl7-156-celeron-n4500-8gb-ddr4-512gb-m2-uhd-graphics-600-blue.html,Tehnomax
LAPTOP LENOVO IDEAPAD SLIM 3 15IAH8 16' I5-12450H/16GB DDR5/1TB M.2/UHD GRAPHICS SIVA,599.4,https://tehnomax.me/racunari-i-komponente/laptop-racunari/laptop-lenovo-ideapad-slim-3-15iah8-16-i5-12450h-16gb-ddr5-1tb-m2-uhd-graphics-siva.html,Tehnomax
LAPTOP ACER ANV15-41-R1V2 NH.QSFEX.00E,1282.5,https://tehnomax.me/racunari-i-komponente/laptop-racunari/laptop-acer-anv15-41-r1v2-nhqsfex00e.html,Tehnomax
"LAPTOP ASUS 15.6"" E1504FA-NJ318 5-7520U/16GB/512GB",522.0,https://tehnomax.me/racunari-i-komponente/laptop-racunari/laptop-asus-156-e1504fa-nj318-5-7520u-16gb-512gb.html,Tehnomax
"LAPTOP ASUS VIVOBOOK GO E1504FA-NJ935 AMD RYZEN 3 7320U/8GB/512GB/15.6""",418.5,https://tehnomax.me/racunari-i-komponente/laptop-racunari/laptop-asus-vivobook-go-e1504fa-nj935-amd-ryzen-3-7320u-8gb-512gb-156.html,Tehnomax
DELL Vostro 3520 15.6 inch FHD 120Hz i5-1235U 8GB 512GB SSD laptop + torba + mis,546.74,https://tehnomax.me/racunari-i-komponente/laptop-racunari/vostro-3520-156-inch-fhd-120hz-i5-1235u-8gb-512gb-ssd-laptop-torba-mis_41429.html,Tehnomax
MACBOOK PRO 16 APPLE SILVER/M4 PRO/14C/20C GPU/48GB/512GB MX2U3ZE/A,3774.0,https://tehnomax.me/racunari-i-komponente/laptop-racunari/macbook-pro-16-apple-silver-m4-pro-14c-20c-gpu-48gb-512gb-mx2u3ze-a.html,Tehnomax
"LAPTOP RACUNAR LENOVO IDEAPAD 15IGL7 15.6"" INTEL CELERON 4500/8GB/256GB/INTEL UHD",270.0,https://tehnomax.me/racunari-i-komponente/laptop-racunari/laptop-racunar-lenovo-ideapad-15igl7-156-intel-celeron-4500-8gb-256gb-intel-uhd.html,Tehnomax
LAPTOP ASUS TUF GAMING F15 FA506NFR-HN010,963.0,https://tehnomax.me/racunari-i-komponente/laptop-racunari/laptop-asus-tuf-gaming-f15-fa506nfr-hn010.html,Tehnomax
"UX3405CA-QL279, 14""/WUXGA/H Core Ultra 5/16G/S1TB/DOS/INT/BLU/2Y",1281.75,https://tehnomax.me/racunari-i-komponente/laptop-racunari/ux3405ca-ql279-14-wuxga-h-core-ultra-5-16g-s1tb-dos-int-blu-2y.html,Tehnomax
"NB ASUS 14"" Zenbook ASUS UM3406KA-QD149W",1474.66,https://tehnomax.me/racunari-i-komponente/laptop-racunari/nb-asus-14-zenbook-asus-um3406ka-qd149w.html,Tehnomax
LAPTOP HP NOT250 G10 I3-1315U 16GB/512GB/AK9P4AT,405.0,https://tehnomax.me/racunari-i-komponente/laptop-racunari/laptop-hp-not250-g10-i3-1315u-16gb-512gb-ak9p4at.html,Tehnomax
LAPTOP HP NOT250 G10 I5-1334U/16GB/512GB/AK9Q2AT,591.89,https://tehnomax.me/racunari-i-komponente/laptop-racunari/laptop-hp-not250-g10-i5-1334u-16gb-512gb-ak9q2at.html,Tehnomax
LAPTOP HP NOT255 G10 R5-7530U/16GB/512GB/AK9N8AT,495.0,https://tehnomax.me/racunari-i-komponente/laptop-racunari/laptop-hp-not255-g10-r5-7530u-16gb-512gb-ak9n8at.html,Tehnomax
LAPTOP HP NOT255 G9 R5-5625U/8GB/512GB/969C3ET,422.47,https://tehnomax.me/racunari-i-komponente/laptop-racunari/laptop-hp-not255-g9-r5-5625u-8gb-512gb-969c3et.html,Tehnomax
LAPTOP DELL VOSTRO 3520 15.6' FHD 120HZ I5-1235U/16GB/512GB NOT23955,481.5,https://tehnomax.me/racunari-i-komponente/laptop-racunari/laptop-dell-vostro-3520-156-fhd-120hz-i5-1235u-16gb-512gb-not23955.html,Tehnomax
LAPTOP LENOVO IDEAPAD  15IAN8 I3-N305/8GB-DDR5/512GB BLUE,346.5,https://tehnomax.me/racunari-i-komponente/laptop-racunari/laptop-lenovo-ideapad-15ian8-i3-n305-8gb-ddr5-512gb-blue.html,Tehnomax
LAPTOP ASUS VIVOBOOK FLIP TP3402VA-LZ458,931.5,https://tehnomax.me/racunari-i-komponente/laptop-racunari/laptop-asus-vivobook-flip-tp3402va-lz458.html,Tehnomax
LAPTOP DELL INSPIRON 3535 15.6' FHD 120HZ /AMD RYZEN 5 7520U/8GB/512GB NOT24242,463.5,https://tehnomax.me/racunari-i-komponente/laptop-racunari/laptop-dell-inspiron-3535-156-fhd-120hz-amd-ryzen-5-7520u-8gb-512gb-not24242.html,Tehnomax
DELL Latitude 5450 14 inch FHD Core Ultra 5 125U 8GB 512GB SSD Backlit FP SC Ubuntu 3yr ProSupport,1472.59,https://tehnomax.me/racunari-i-komponente/laptop-racunari/latitude-5450-14-inch-fhd-core-ultra-5-125u-8gb-512gb-ssd-backlit-fp-sc-ubuntu-3yr-prosupport.html,Tehnomax
LAPTOP LENOVO IDEAPAD 1 15ALC7 R5-5500U/16GB/512GB CLOUD GREY,427.5,https://tehnomax.me/racunari-i-komponente/laptop-racunari/laptop-lenovo-ideapad-1-15alc7-r5-5500u-16gb-512gb-cloud-grey.html,Tehnomax
LAPTOP LENOVO IDEAPAD 1 15ALC7 R5-5500U/16GB/512GB ABYSS BLUE,427.5,https://tehnomax.me/racunari-i-komponente/laptop-racunari/laptop-lenovo-ideapad-1-15alc7-r5-5500u-16gb-512gb-abyss-blue.html,Tehnomax
LAPTOP LENOVO IDEAPAD 1 15ALC7 R5-5500U/16GB/512GB CLOUD GREY,427.5,https://tehnomax.me/racunari-i-komponente/laptop-racunari/laptop-lenovo-ideapad-1-15alc7-r5-5500u-16gb-512gb-cloud-grey_41851.html,Tehnomax
"NOT HP Victus 15-fb2015nm, A71RZEA#BED",1086.25,https://tehnomax.me/racunari-i-komponente/laptop-racunari/not-hp-victus-15-fb2015nm-a71rzeabed.html,Tehnomax
LAPTOP ASUS VIVOBOOK M1502YA-BQ018 90NB0X21-M00DX0,729.0,https://tehnomax.me/racunari-i-komponente/laptop-racunari/laptop-asus-vivobook-m1502ya-bq018-90nb0x21-m00dx0.html,Tehnomax
LAPTOP ASUS VIVOBOOK S M5606WA-MX075,1305.0,https://tehnomax.me/racunari-i-komponente/laptop-racunari/laptop-asus-vivobook-s-m5606wa-mx075.html,Tehnomax
"Dell G15 5530 i5-13450HX/16GB DDR5/512GB/15.6"" FHD 120Hz/RTX 3050 6GB/Backlit US/NoOS",1119.92,https://tehnomax.me/racunari-i-komponente/laptop-racunari/dell-g15-5530-i5-13450hx-16gb-ddr5-512gb-156-fhd-120hz-rtx-3050-6gb-backlit-us-noos.html,Tehnomax
"Dell G15 5530 i5-13450HX/16GB/512GB/15.6"" FHD 165Hz/RTX4050 6GB/Backlit US/NoOS",1398.28,https://tehnomax.me/racunari-i-komponente/laptop-racunari/dell-g15-5530-i5-13450hx-16gb-512gb-156-fhd-165hz-rtx4050-6gb-backlit-us-noos.html,Tehnomax
"Dell G15 5530 i7-13650HX/16GB/1TB/15.6"" FHD 165 Hz/RTX 4060 8GB/US Backlit/NoOS",1630.03,https://tehnomax.me/racunari-i-komponente/laptop-racunari/dell-g15-5530-i7-13650hx-16gb-1tb-156-fhd-165-hz-rtx-4060-8gb-us-backlit-noos.html,Tehnomax
"Dell G15 5530 i7-13650HX/16GB/512GB/15.6"" FHD 165 Hz/RTX 4050 6GB/US Backlit/NoOS",1487.61,https://tehnomax.me/racunari-i-komponente/laptop-racunari/dell-g15-5530-i7-13650hx-16gb-512gb-156-fhd-165-hz-rtx-4050-6gb-us-backlit-noos.html,Tehnomax
"Dell Latitude 3450 i5-1335U/16GB DDR5/512GB/14"" FHD IPS/IntelIris/Backlit YU/NoOS",958.08,https://tehnomax.me/racunari-i-komponente/laptop-racunari/dell-latitude-3450-i5-1335u-16gb-ddr5-512gb-14-fhd-ips-inteliris-backlit-yu-noos.html,Tehnomax
"Dell Latitude 3450 i7-1335U/16GB DDR5/512GB/14"" FHD IPS/IntelIris/Backlit YU/NoOS",1189.83,https://tehnomax.me/racunari-i-komponente/laptop-racunari/dell-latitude-3450-i7-1335u-16gb-ddr5-512gb-14-fhd-ips-inteliris-backlit-yu-noos.html,Tehnomax
"Dell Latitude 3550/i5-1335U/16GB DDR5/512GB/15.6"" FHD IPS/IntelIris/BacklitYU/NoOS/",996.92,https://tehnomax.me/racunari-i-komponente/laptop-racunari/dell-latitude-3550-i5-1335u-16gb-ddr5-512gb-156-fhd-ips-inteliris-backlityu-noos-.html,Tehnomax
"Dell Latitude 5450 Ultra5 135U/16GB DDR5 /512GB/14"" FHD IPS/IntelUHD/Backlit Yu/NoOS",1242.91,https://tehnomax.me/racunari-i-komponente/laptop-racunari/dell-latitude-5450-ultra5-135u-16gb-ddr5-512gb-14-fhd-ips-inteluhd-backlit-yu-noos.html,Tehnomax
"Dell Latitude 5450 Ultra7 155U/16GB DDR5/512GB/14"" FHD IPS/IntelIris/Backlit Yu/NoOS",1474.66,https://tehnomax.me/racunari-i-komponente/laptop-racunari/dell-latitude-5450-ultra7-155u-16gb-ddr5-512gb-14-fhd-ips-inteliris-backlit-yu-noos.html,Tehnomax
Dell Latitude 5550 Ultra5 135U/16GB DDR5/512GB/15.6 FHD IPS/IntelIris/Backlit YU/NoOS,1268.81,https://tehnomax.me/racunari-i-komponente/laptop-racunari/dell-latitude-5550-ultra5-135u-16gb-ddr5-512gb-156-fhd-ips-inteliris-backlit-yu-noos.html,Tehnomax
"Dell Vostro 3530 i5-1334U/8GB/512GB SSD/15.6"" FHD 120Hz/IntelUHD/YU/NoOS",497.16,https://tehnomax.me/racunari-i-komponente/laptop-racunari/dell-vostro-3530-i5-1334u-8gb-512gb-ssd-156-fhd-120hz-inteluhd-yu-noos.html,Tehnomax
"Dell Vostro 3530 i7-1355U/16GB/512GB/15.6"" FHD 120Hz/IntelIris/Yu/NoOS",749.63,https://tehnomax.me/racunari-i-komponente/laptop-racunari/dell-vostro-3530-i7-1355u-16gb-512gb-156-fhd-120hz-inteliris-yu-noos.html,Tehnomax
"HP EliteBook 660 G11 Ultra5 125U/16GB DDR5/512GB/16"" WUXGA IPS/IntellUHD/BacklitYU/NoOS/Silver",919.24,https://tehnomax.me/racunari-i-komponente/laptop-racunari/hp-elitebook-660-g11-ultra5-125u-16gb-ddr5-512gb-16-wuxga-ips-intelluhd-backlityu-noos-silver.html,Tehnomax
"HP EliteBook 830 G11 Win11 PRO/Ultra7 155u/16GB DDR5/1TB/13.3"" WUXGA IPS/IntelUHD/Silver/YU",1475.96,https://tehnomax.me/racunari-i-komponente/laptop-racunari/hp-elitebook-830-g11-win11-pro-ultra7-155u-16gb-ddr5-1tb-133-wuxga-ips-inteluhd-silver.html,Tehnomax
"HP EliteBook 830 G11 Win11 PRO/Ultra7 155U/16GB DDR5/512GB SSD/13.3"" WUXGA IPS/Silver/YU",1385.33,https://tehnomax.me/racunari-i-komponente/laptop-racunari/hp-elitebook-830-g11-win11-pro-ultra7-155u-16gb-ddr5-512gb-ssd-133-wuxga-ips-silver.html,Tehnomax
HP OmniBook Ultra Flip 14-fh0001nm,2188.04,https://tehnomax.me/racunari-i-komponente/laptop-racunari/hp-omnibook-ultra-flip-14-fh0001nm.html,Tehnomax
"HP Pavilion Aero 13-bg0033nn Win11/Ryzen7 8840U/16GB DDR5/512GB/13.3"" IPS WQXGA/BacklitENG/silver",1352.96,https://tehnomax.me/racunari-i-komponente/laptop-racunari/hp-pavilion-aero-13-bg0033nn-win11-ryzen7-8840u-16gb-ddr5-512gb-133-ips-wqxga-backliteng-silver.html,Tehnomax
"HP Pavilion Aero 13-bg0035nn Win11/Ryzen5 8640U/16GB DDR5/512GB/13.3"" WQXGA IPS/Backlit ENG/silver",1228.67,https://tehnomax.me/racunari-i-komponente/laptop-racunari/hp-pavilion-aero-13-bg0035nn-win11-ryzen5-8640u-16gb-ddr5-512gb-133-wqxga-ips-backlit-eng-silver.html,Tehnomax
"HP Pavilion x360 14-ek1008nm i5-1335U/16GB/512GB SSD/14"" FHD IPS Touch MicroEdge/IntelIris/NoOS/Silv",919.24,https://tehnomax.me/racunari-i-komponente/laptop-racunari/hp-pavilion-x360-14-ek1008nm-i5-1335u-16gb-512gb-ssd-14-fhd-ips-touch-microedge-inteliris-noos-silv.html,Tehnomax
"HP Spectre x360 16-aa0008nn Win11/Ultra7 155H/32GB DDR5/2TB SSD/16"" 2.8K OLED Touch HDR/RTX4050 6GB",2964.86,https://tehnomax.me/racunari-i-komponente/laptop-racunari/hp-spectre-x360-16-aa0008nn-win11-ultra7-155h-32gb-ddr5-2tb-ssd-16-28k-oled-touch-hdr-rtx4050-6gb.html,Tehnomax
"HP Victus Gaming 16-r0026nm i5-13500H/16GB DDR5/512GB SSD/16.1"" FHD 144Hz IPS/RTX4050 6GB/NoOS",1035.76,https://tehnomax.me/racunari-i-komponente/laptop-racunari/hp-victus-gaming-16-r0026nm-i5-13500h-16gb-ddr5-512gb-ssd-161-fhd-144hz-ips-rtx4050-6gb-noos.html,Tehnomax
"Lenovo Legion 5 16IRX9 i5-13450HX/16GB DDR5/512GB SSD/16"" WQXGA IPS 165Hz/RTX4060 8GB/BacklitYU/NoOS",1422.88,https://tehnomax.me/racunari-i-komponente/laptop-racunari/lenovo-legion-5-16irx9-i5-13450hx-16gb-ddr5-512gb-ssd-16-wqxga-ips-165hz-rtx4060-8gb-backlityu-noos.html,Tehnomax
"Lenovo Legion 5 i5-13450HX/16GB DDR5/1TB/RTX4060/16"" WQXGA IPS/bklt YU/LunaGray",1513.5,https://tehnomax.me/racunari-i-komponente/laptop-racunari/lenovo-legion-5-i5-13450hx-16gb-ddr5-1tb-rtx4060-16-wqxga-ips-bklt-yu-lunagray.html,Tehnomax
"Lenovo ThinkPad E16 Gen 2 Ultra5 125U/16GB DDR5/512GB/16"" WUXGA IPS/BacklitUK/NoOS/Black",1021.52,https://tehnomax.me/racunari-i-komponente/laptop-racunari/lenovo-thinkpad-e16-gen-2-ultra5-125u-16gb-ddr5-512gb-16-wuxga-ips-backlituk-noos-black.html,Tehnomax
"Tesla Book9 Win11/i7-12700H/16GB/512GB SSD/16"" QHD IPS 120Hz 350nits/RTX2050 DDR6 4GB/Silver",1240.32,https://tehnomax.me/racunari-i-komponente/laptop-racunari/tesla-book9-win11-i7-12700h-16gb-512gb-ssd-16-qhd-ips-120hz-350nits-rtx2050-ddr6-4gb-silver.html,Tehnomax
DELL Latitude 3550 15.6 inch FHD i5-1335U 8GB 512GB SSD Backlit FP Ubuntu 3yr ProSupport laptop,1174.94,https://tehnomax.me/racunari-i-komponente/laptop-racunari/latitude-3550-156-inch-fhd-i5-1335u-8gb-512gb-ssd-backlit-fp-ubuntu-3yr-prosupport-laptop.html,Tehnomax
LAPTOP ASUS VIVOBOOK FLIP TN3402YA-LZ392,783.0,https://tehnomax.me/racunari-i-komponente/laptop-racunari/laptop-asus-vivobook-flip-tn3402ya-lz392.html,Tehnomax
LAPTOP HP PROBOOK 450 G10 AK9R0AT,657.0,https://tehnomax.me/racunari-i-komponente/laptop-racunari/laptop-hp-probook-450-g10-ak9r0at.html,Tehnomax
LAPTOP ASUS VIVOBOOK S S5406SA-QD040X,1620.0,https://tehnomax.me/racunari-i-komponente/laptop-racunari/laptop-asus-vivobook-s-s5406sa-qd040x.html,Tehnomax
LAPTOP HP VICTUS GAMING 15-FA1010NM 8C9P8EA,990.0,https://tehnomax.me/racunari-i-komponente/laptop-racunari/laptop-hp-victus-gaming-15-fa1010nm-8c9p8ea.html,Tehnomax
LAPTOP ASUS TUF GAMING F15 FA507NUR-LP003,1233.0,https://tehnomax.me/racunari-i-komponente/laptop-racunari/laptop-asus-tuf-gaming-f15-fa507nur-lp003.html,Tehnomax
"LAPTOP LENOVO IDEAPAD 1 15IJL7 15.6"" FHD, CELERON N4500 2.8GHZ/8GB DDR4/ 256GB/UHD 600 CLOUD GREY",288.0,https://tehnomax.me/racunari-i-komponente/laptop-racunari/laptop-lenovo-ideapad-1-15ijl7-156-fhd-celeron-n4500-28ghz-8gb-ddr4-256gb-uhd-600-cloud-grey.html,Tehnomax
"LAPTOP LENOVO IDEAPAD 1 15ALC7 15.6"" FHD,IPS, RYZEN 5 5500U,16GB DDR4, 512GB,RADEON GRAPHICS SAND",427.5,https://tehnomax.me/racunari-i-komponente/laptop-racunari/laptop-lenovo-ideapad-1-15alc7-156-fhdips-ryzen-5-5500u16gb-ddr4-512gbradeon-graphics-sand.html,Tehnomax
"NOT HP Victus 15-fb2029nm, A71S0EA#BED",1262.33,https://tehnomax.me/racunari-i-komponente/laptop-racunari/not-hp-victus-15-fb2029nm-a71s0eabed.html,Tehnomax
"NOT HP Victus 15-fb2028nm, A70PPEA#BED",1396.98,https://tehnomax.me/racunari-i-komponente/laptop-racunari/not-hp-victus-15-fb2028nm-a70ppeabed.html,Tehnomax
"NOT HP Pavilion 15-eh3025nm, 9J528EA",775.53,https://tehnomax.me/racunari-i-komponente/laptop-racunari/not-hp-pavilion-15-eh3025nm-9j528ea.html,Tehnomax
"ANV15-41-R6KZ, 15,6""/FHD/Ryzen 5 6600H/16GB/S512GB/RTX3050/DOS/BLK/2Y",892.05,https://tehnomax.me/racunari-i-komponente/laptop-racunari/anv15-41-r6kz-156-fhd-ryzen-5-6600h-16gb-s512gb-rtx3050-dos-blk-2y.html,Tehnomax
MACBOOK AIR 13.6 APPLE SKY BLUE/M4/8C GPU/16GB/256GB-ZEE MC6T4ZE/A,1299.0,https://tehnomax.me/racunari-i-komponente/laptop-racunari/macbook-air-136-apple-sky-blue-m4-8c-gpu-16gb-256gb-mc6t4ze-a.html,Tehnomax
MACBOOK AIR 13.6 APPLE SILVER/M4/8C GPU/16GB/256GB-ZEE MW0W3ZE/A,1299.0,https://tehnomax.me/racunari-i-komponente/laptop-racunari/macbook-air-136-apple-silver-m4-8c-gpu-16gb-256gb-mw0w3ze-a.html,Tehnomax
MACBOOK AIR 13.6 APPLE STARLIGHT/M4/8C GPU/16GB/256GB-ZEE MW0Y3ZE/A,1299.0,https://tehnomax.me/racunari-i-komponente/laptop-racunari/macbook-air-136-apple-starlight-m4-8c-gpu-16gb-256gb-mw0y3ze-a.html,Tehnomax
MACBOOK AIR 13.6 APPLE MIDNIGHT/M4/8C GPU/16GB/256GB-ZEE MW123ZE/A,1299.0,https://tehnomax.me/racunari-i-komponente/laptop-racunari/macbook-air-136-apple-midnight-m4-8c-gpu-16gb-256gb-mw123ze-a.html,Tehnomax
MACBOOK AIR 15.3 APPLE STARLIGHT/M4/10C GPU/16GB/256GB-ZEE MW1J3ZE/A,1679.0,https://tehnomax.me/racunari-i-komponente/laptop-racunari/macbook-air-15-apple-starlight-m4-10c-gpu-16gb-256gb-mw1j3ze-a.html,Tehnomax
MACBOOK AIR 15.3 APPLE MIDNIGHT/M4/10C GPU/16GB/256GB-ZEE MW1L3ZE/A,1679.0,https://tehnomax.me/racunari-i-komponente/laptop-racunari/macbook-air-15-apple-midnight-m4-10c-gpu-16gb-256gb-mw1l3ze-a.html,Tehnomax
DELL Vostro 3530 15.6 inch FHD 120Hz i5-1334U 16GB 512GB SSD Intel Iris Xe laptop,618.8,https://tehnomax.me/racunari-i-komponente/laptop-racunari/vostro-3530-156-inch-fhd-120hz-i5-1334u-16gb-512gb-ssd-intel-iris-xe-laptop.html,Tehnomax
"ACER Nitro V 15 ANV15-51-52ZL 15.6 inča FHD i5-13420H, 16GB,  512GB SSD GeForce RTX 4050 crni",1220.37,https://tehnomax.me/racunari-i-komponente/laptop-racunari/nitro-v-15-anv15-51-52zl-156-fhd-i5-13420h-16gb-512gb-ssd-geforce-rtx-4050-crni.html,Tehnomax
DELL G16 7630 16 inch QHD+ 240Hz 300nits i7-13650HX 32GB 1TB SSD GeForce RTX 4060 8GB gaming laptop,2224.55,https://tehnomax.me/racunari-i-komponente/laptop-racunari/g16-7630-16-inch-qhd-240hz-300nits-i7-13650hx-32gb-1tb-ssd-geforce-rtx-4060-8gb-gaming-laptop.html,Tehnomax
DELL Latitude 5550 15.6 inch FHD Core Ultra 5 135U 16GB 512GB SSD Backlit FP SC Ubuntu 3yr ProSupport,1794.6,https://tehnomax.me/racunari-i-komponente/laptop-racunari/latitude-5550-156-inch-fhd-core-ultra-5-135u-16gb-512gb-ssd-backlit-fp-sc-ubuntu-3yr-prosupport.html,Tehnomax
