Model,Najniža cijena (€),Prodavnica,Link
ACER Aspire A315 15.6 inča FHD Ryzen 7 5700U 16GB 512GB SSD sivi laptop,502.3,PC-Gamer,https://pc-gamer.me/p/ACER-Aspire-A315-15-6-in-a-FHD-Ryzen-7-5700U-16GB-512GB-SSD-sivi-laptop--100675
DELL Vostro 3530 15.6 inch FHD 120Hz i3-1305U 8GB 512GB SSD laptop,485.64,Tehnomax,https://tehnomax.me/racunari-i-komponente/laptop-racunari/dell-vostro-3530-156-inch-fhd-120hz-i3-1305u-8gb-512gb-ssd-laptop-.html
DELL Latitude 5450 14 inch FHD Core Ultra 5 125U 8GB 512GB SSD Backlit FP SC Ubuntu 3yr ProSupport,1472.59,Tehnomax,https://tehnomax.me/racunari-i-komponente/laptop-racunari/latitude-5450-14-inch-fhd-core-ultra-5-125u-8gb-512gb-ssd-backlit-fp-sc-ubuntu-3yr-prosupport.html
DELL Inspiron 3535 15.6 inch FHD 120Hz AMD Ryzen 5 7520U 8GB 512GB SSD laptop,563.97,Tehnomax,https://tehnomax.me/racunari-i-komponente/laptop-racunari/inspiron-3535-156-inch-fhd-120hz-amd-ryzen-5-7520u-8gb-512gb-ssd-laptop.html
ACER Aspire Go 15 15.3 inča WUXGA IPS i5-1334U 16GB 512GB crni,569.7,PC-Gamer,https://pc-gamer.me/p/ACER-Aspire-Go-15-15-3-in-a-WUXGA-IPS-i5-1334U-16GB-512GB-crni--110397
DELL G15 5530 15.6 inch FHD 165Hz 300nits i7-13650HX 16GB 512GB SSD GeForce RTX 4050 Backlit Ubuntu gaming laptop,1754.58,Tehnomax,https://tehnomax.me/racunari-i-komponente/laptop-racunari/dell-g15-5530-156-inch-fhd-165hz-300nits-i7-13650hx-16gb-512gb-ssd-geforce-rtx-4050-backlit-ubuntu-gaming-laptop-.html
LAPTOP ACER ASPIRE 3 A315-43-R9D5 NX.K7UEX.014,526.5,Tehnomax,https://tehnomax.me/racunari-i-komponente/laptop-racunari/laptop-acer-a315-43-r9d5-nxk7uex014.html
LAPTOP ASUS ROG STRIX G15 G513RM-HQ156W,1894.5,Tehnomax,https://tehnomax.me/racunari-i-komponente/laptop-racunari/laptop-asus-g513rm-hq156w-r7-6800h-16g-1t-rtx3060-w11h.html
LAPTOP ASUS EXPERTBOOK B9400CEA-KC1228X,1521.0,Tehnomax,https://tehnomax.me/racunari-i-komponente/laptop-racunari/laptop-asus-b9400cea-kc1228x-i7-1165g7-16g-512g-w11p.html
LAPTOP HP OMEN 16-B1010NM 6G1Q5EA,1710.0,Tehnomax,https://tehnomax.me/racunari-i-komponente/laptop-racunari/laptop-hp-omen-16-b1010nm-i7-16-512-rtx3060-6g1q5ea.html
LAPTOP DELL G15 5520 i5-12500H/8GB/512GB/RTX 3050TI 5Y5B,1259.1,Tehnomax,https://tehnomax.me/racunari-i-komponente/laptop-racunari/laptop-dell-g15-5520-156-120hz-i5-12500h-8g-512g-rtx-3050-ti-5y5b.html
LAPTOP GIGABYTE AERO 5 KE4 I7-12700H 16GB 1TB SSD RTX 3060 W11H,2038.5,Tehnomax,https://tehnomax.me/racunari-i-komponente/laptop-racunari/laptop-gigabyte-aero-5-ke4-i7-12700h-16gb-1tb-ssd-rtx-3060-w11h.html
LAPTOP ACER NITRO 5 AN515-46-R4M3 NH.QGZEX.009,1395.0,Tehnomax,https://tehnomax.me/racunari-i-komponente/laptop-racunari/laptop-acer-nitro-an515-46-r4m3-nhqgzex009.html
LAPTOP ASUS VIVOBOOK X1505ZA-OLED-L521,742.5,Tehnomax,https://tehnomax.me/racunari-i-komponente/laptop-racunari/laptop-asus-x1505za-oled-l521.html
LAPTOP ASUS VIVOBOOK M1603QA-MB521,679.5,Tehnomax,https://tehnomax.me/racunari-i-komponente/laptop-racunari/laptop-asus-m1603qa-mb521.html
LAPTOP DELL VOSTRO 3525 15.6' RYZEN 3 5425U/8GB/256GB SSD 5Y5B,540.0,Tehnomax,https://tehnomax.me/racunari-i-komponente/laptop-racunari/laptop-dell-vostro-3525-156-ryzen-3-5425u-8gb-256gb-ssd-5y5b.html
LAPTOP ACER PREDATOR HELIOS 300 PH317-56-70PS NH.QGQEX.004,2263.5,Tehnomax,https://tehnomax.me/racunari-i-komponente/laptop-racunari/laptop-acer-ph317-56-70ps-nhqgqex004.html
LAPTOP ASUS VIVOBOOK X1502ZA-BQ512 I5-1235U/8G/512,504.0,Tehnomax,https://tehnomax.me/racunari-i-komponente/laptop-racunari/laptop-asus-vivobook-x1502za-bq512.html
LAPTOP ASUS STRIX G15 G513RM-LN397,1699.2,Tehnomax,https://tehnomax.me/racunari-i-komponente/laptop-racunari/laptop-asus-g513rm-ln397-r7-6800h-16g-1t-rtx3060.html
LAPTOP ASUS TUF GAMING F15 FX506LHB-HN324,899.1,Tehnomax,https://tehnomax.me/racunari-i-komponente/laptop-racunari/laptop-asus-fx506lhb-hn324.html
LAPTOP GIGABYTE G5 I5-12500H 16GB 512GB GEFORCE RTX 3050 NOT21059,1098.0,Tehnomax,https://tehnomax.me/racunari-i-komponente/laptop-racunari/laptop-gigabyte-g5-i5-12500h-16gb-512gb-geforce-rtx-3050-not21059.html
LAPTOP GIGABYTE G5 ME I5-12500H/16GB/512GB/RTX 3050 TI,1129.5,Tehnomax,https://tehnomax.me/racunari-i-komponente/laptop-racunari/laptop-gigabyte-g5-me-156-144hz-i5-12500h-16g-512g-rtx-3050-ti.html
LAPTOP GIGABYTE G5 GE  KF 15.3' 144HZ I5-12500H 8GB 512GB RTX 3050,810.0,Tehnomax,https://tehnomax.me/racunari-i-komponente/laptop-racunari/laptop-gigabyte-g5-ge-kf-153-144hz-i5-12500h-8gb-512gb-rtx-3050.html
LAPTOP HP VICTUS GAMING 15-FB0051NM 7H311EA,747.0,Tehnomax,https://tehnomax.me/racunari-i-komponente/laptop-racunari/laptop-hp-victus-15-fb0051nm-7h311ea.html
LAPTOP ACER ASPIRE 3 A315-24P-R26R NX.KDEEX.00B,531.0,Tehnomax,https://tehnomax.me/racunari-i-komponente/laptop-racunari/laptop-acer-a315-24p-r26r-nxkdeex00b.html
LAPTOP HP OMEN 17-CK1010NM 7H5U9EA,3555.0,Tehnomax,https://tehnomax.me/racunari-i-komponente/laptop-racunari/laptop-hp-omen-17-ck1010nm-i9-12gen-32g-2t-rtx3080ti-7h5u9ea.html
LAPTOP HP VICTUS 15-FA0040NM 6M559EA,796.5,Tehnomax,https://tehnomax.me/racunari-i-komponente/laptop-racunari/laptop-hp-victus-15-fa0040nm-6m559ea.html
LAPTOP HP OMEN 16-K0004NM 6M5Q1EA,1723.5,Tehnomax,https://tehnomax.me/racunari-i-komponente/laptop-racunari/laptop-hp-omen-16-k0004nm-6m5q1ea.html
LAPTOP ASUS ROG ZEPHYRUS DUO 16 GX650PZ-NM014X,4499.1,Tehnomax,https://tehnomax.me/racunari-i-komponente/laptop-racunari/laptop-asus-zephirus-gx650pz-nm014x-r9-32g-1t-rtx4080-w11.html
LAPTOP ACER PREDATOR HELIOS PH16-71-9310 NH.QJSEX.007,3213.0,Tehnomax,https://tehnomax.me/racunari-i-komponente/laptop-racunari/laptop-ac-ph16-71-9310-predator-helios-nhqjsex007.html
MACBOOK PRO 14 APPLE SILVER/M4/10C/10C GPU/16GB/512GB MW2W3ZE/A,2110.0,Tehnomax,https://tehnomax.me/racunari-i-komponente/laptop-racunari/macbook-pro-14-apple-silver-m4-10c-10c-gpu-16gb-512gb-mw2w3ze-a.html
LAPTOP HP PAV X360 14-DY0004NM I3-1125G4/8G/512,720.0,Tehnomax,https://tehnomax.me/racunari-i-komponente/laptop-racunari/laptop-hp-pav-x360-14-dy0004nm-i3-1125g4-8g-512.html
LAPTOP ACER NITRO 5 AN515-46-R17V NH.QGXEX.007 + DUB-M810 USB-C HUB,1197.0,Tehnomax,https://tehnomax.me/racunari-i-komponente/laptop-racunari/laptop-acer-nitro-5-an515-46-r17v-nhqgxex007-dub-m810-usb-c-hub.html
LAPTOP ACER AN517-41-R0AG NITRO NH.QBHEX.00E+DUB M810 (USB-C HUB),1579.5,Tehnomax,https://tehnomax.me/racunari-i-komponente/laptop-racunari/laptop-acer-an517-41-r0ag-nitro-nhqbhex00edub-m810-usb-c-hub.html
LAPTOP ACER A315-24P-R8D1 NX.KDEEX.00U+DUB-M810 (USB-C HUB),567.0,Tehnomax,https://tehnomax.me/racunari-i-komponente/laptop-racunari/laptop-acer-a315-24p-r8d1-nxkdeex00udub-m810-usb-c-hub.html
LAPTOP ASUS VIVOBOOK PRO K6502VU-OLED-MA531X + DUB-M810,1759.5,Tehnomax,https://tehnomax.me/racunari-i-komponente/laptop-racunari/laptop-asus-vivobook-pro-k6502vu-oled-ma531x-dub-m810.html
LAPTOP ASUS VIVOBOOK GO 15 X1504VA-BQ522,702.0,Tehnomax,https://tehnomax.me/racunari-i-komponente/laptop-racunari/laptop-asus-vivobook-go-15-x1504va-bq522.html
LAPTOP ACER A515-57-538V NX.KN4EX.00C + DUB-M810,719.1,Tehnomax,https://tehnomax.me/racunari-i-komponente/laptop-racunari/laptop-acer-a515-57-538v-nxkn4ex00c-dub-m810.html
MACBOOK AIR 13.6 APPLE SPACE GREY/M2/8C GPU/8GB/256GB-ZEE MLXW3ZE/A,999.0,Tehnomax,https://tehnomax.me/racunari-i-komponente/laptop-racunari/macbook-air-136-apple-space-grey-m2-8c-gpu-8gb-256gb-zee-mlxw3ze-a.html
LAPTOP ASUS G614JU-N3111W I7-13650HX/16G/1T/RTX4050/W11H,1971.0,Tehnomax,https://tehnomax.me/racunari-i-komponente/laptop-racunari/laptop-asus-g614ju-n3111w-i7-13650hx-16g-1t-rtx4050-w11h.html
LAPTOP ACER A315-44P-R6PK NX.KSJEX.016,463.5,Tehnomax,https://tehnomax.me/racunari-i-komponente/laptop-racunari/laptop-acer-a315-44p-r6pk-nxksjex016.html
LAPTOP ASUS EXPERTBOOK B5602FBA-OLED-UI73D0X,1683.0,Tehnomax,https://tehnomax.me/racunari-i-komponente/laptop-racunari/laptop-asus-expertbook-b5602fba-oled-ui73d0x.html
LAPTOP ASUS VIVOBOOK 15 X150AZA-NJ870,495.0,Tehnomax,https://tehnomax.me/racunari-i-komponente/laptop-racunari/laptop-racunar-asus-vivobook-15-x150aza-nj870.html
"LAPTOP ACER ASPIRE A315-59-75PU, NX.K6VEX.00C",805.5,Tehnomax,https://tehnomax.me/racunari-i-komponente/laptop-racunari/laptop-acer-aspire-a315-59-75pu-nxk6vex00c.html
LAPTOP ACER PH16-71-956T NH.QJREX.008,2700.0,Tehnomax,https://tehnomax.me/racunari-i-komponente/laptop-racunari/laptop-acer-ph16-71-956t-nhqjrex008.html
LAPTOP HP PAV. 14-DV1039NM I5-1155G7/8G/256 634N4EA,625.5,Tehnomax,https://tehnomax.me/racunari-i-komponente/laptop-racunari/laptop-hp-pav-14-dv1039nm-i5-1155g7-8g-256-634n4ea.html
LAPTOP ACER A515-57-538V NX.KN4EX.00C,670.5,Tehnomax,https://tehnomax.me/racunari-i-komponente/laptop-racunari/laptop-acer-a515-57-538v-nxkn4ex00c.html
LAPTOP ASUS VIVOBOOK K3604VA-OLED-L731W+DUB-M810,1440.0,Tehnomax,https://tehnomax.me/racunari-i-komponente/laptop-racunari/laptop-asus-vivobook-k3604va-oled-l731wdub-m810.html
LAPTOP ACER EX215-55-57QP NX.EGYEX.00R+TORBA MS NOTE D100,575.1,Tehnomax,https://tehnomax.me/racunari-i-komponente/laptop-racunari/laptop-acer-ex215-55-57qp-nxegyex00rtorba-ms-note-d100.html
LAPTOP ASUS UX7602ZM-OLED-ME951X I9-12900H/32G/2T/3060/W11P,3599.1,Tehnomax,https://tehnomax.me/racunari-i-komponente/laptop-racunari/laptop-asus-ux7602zm-oled-me951x-i9-12900h-32g-2t-3060-w11p.html
LAPTOP ASUS ZENBOOK 14 UX425JA-WB501T,765.0,Tehnomax,https://tehnomax.me/racunari-i-komponente/laptop-racunari/laptop-asus-ux425ja-wb501t.html
MACBOOK AIR 13.3 APPLE SPG/M1/8C CPU/7C GPU/8GB/256GB-ZEE MGN63ZE/A,899.0,Tehnomax,https://tehnomax.me/racunari-i-komponente/laptop-racunari/macbook-air-133-apple-spg-8c-cpu-7c-gpu-8gb-256gb-zee-mgn63ze-a.html
LAPTOP ASUS VIVOBOOK 14 KM413UA-WB511T,549.0,Tehnomax,https://tehnomax.me/racunari-i-komponente/laptop-racunari/laptop-asus-km413ua-wb511tmis.html
LAPTOP HP OMEN 17-CB1021NM 2L2H3EA,2024.1,Tehnomax,https://tehnomax.me/racunari-i-komponente/laptop-racunari/laptop-hp-omen-17-cb1021nm-i9-16-512-rtx2080-2l2h3ea.html
LAPTOP ACER ASPIRE 5 A514-54-3064 NX.A29EX.004,522.0,Tehnomax,https://tehnomax.me/racunari-i-komponente/laptop-racunari/laptop-acer-a514-54-3064-14i3-1115g4-12gb-256.html
LAPTOP GIGABYTE G5 KC-5EE1130SD  NOT18209,1169.1,Tehnomax,https://tehnomax.me/racunari-i-komponente/laptop-racunari/laptop-gigabyte-g5-kc-5ee1130sd-not18209.html
LAPTOP ASUS K3400PA OLED KM511,809.1,Tehnomax,https://tehnomax.me/racunari-i-komponente/laptop-racunari/laptop-asus-k3400pa-oled-km511.html
LAPTOP DELL VOSTRO 3591 i5-1135G7/8GB/256GB SSD/IRIS NOT01841,629.1,Tehnomax,https://tehnomax.me/racunari-i-komponente/laptop-racunari/laptop-dell-vostro-3510-156-fhd-i5-1135g7-8gb-256gb-ssd-intel-iris-xe-crni-5y5b-mis.html
LAPTOP GIGABYTE G5 KD-52EE123SD,1296.0,Tehnomax,https://tehnomax.me/racunari-i-komponente/laptop-racunari/laptop-gigabyte-g5-kd-52ee123sd.html
LAPTOP ASUS EXPERTBOOK B1500CEAE-EJ0270R,539.1,Tehnomax,https://tehnomax.me/racunari-i-komponente/laptop-racunari/laptop-asus-b1500ceae-ej0270r-w10p.html
LAPTOP ACER PH315-54-732Y NH.QC1EX.007,1710.0,Tehnomax,https://tehnomax.me/racunari-i-komponente/laptop-racunari/laptop-acer-ph315-54-732y-nhqc1ex007.html
LAPTOP HP 250 G8 3V5N7EA,529.2,Tehnomax,https://tehnomax.me/racunari-i-komponente/laptop-racunari/laptop-hp-250-g8-i3-1115g4-8gb-256gb-w10h-3v5n7ea.html
LAPTOP DELL VOSTRO 5502 I5-1135G7/8GB/256GB/IRIS,679.5,Tehnomax,https://tehnomax.me/racunari-i-komponente/laptop-racunari/laptop-dell-vostro-5502-156-fhd-i5-1135g7-8gb-256gb-ssd-intel-iris-xe-backlit-sivi.html
LAPTOP ACER SWIFT 1 SF114-34-P1W8 NX.A77EX.00H,479.7,Tehnomax,https://tehnomax.me/racunari-i-komponente/laptop-racunari/laptop-acer-sf114-34-p1w8-nxa77ex00h.html
LAPTOP HP 15S-FQ2041NM 434D4EA,360.0,Tehnomax,https://tehnomax.me/racunari-i-komponente/laptop-racunari/laptop-hp-15s-fq2041nm-i3-11-4-256-434d4ea.html
LAPTOP DELL VOSTRO 3525 AMD RYZEN 5 5625U/8GB/512GB NOT20089,580.5,Tehnomax,https://tehnomax.me/racunari-i-komponente/laptop-racunari/laptop-dell-vostro-3525-156-fhd-120hz-amd-ryzen-5-5625u-8gb-512gb-ssd-not20089.html
LAPTOP LENOVO IDEAPAD GAMING 3 15IHU6 82K101CDYA,828.0,Tehnomax,https://tehnomax.me/racunari-i-komponente/laptop-racunari/laptop-lenovo-ideapad-gaming-3-15ihu6-82k101cdya.html
LAPTOP HP 15S-FQ2025NM 2R2R8EA,539.1,Tehnomax,https://tehnomax.me/racunari-i-komponente/laptop-racunari/laptop-hp-15s-fq2025nm-2r2r8ea.html
LAPTOP HP 250 G9 I3 1215U/8GB/256 6F1Z7EA,395.1,Tehnomax,https://tehnomax.me/racunari-i-komponente/laptop-racunari/laptop-hp-250-g9-i3-1215u-8gb-256-6f1z7ea.html
"LAPTOP ACER ASPIRE A315 15.6"" FHD RYZEN 7 5700U/16GB/512GB",502.34,Tehnomax,https://tehnomax.me/racunari-i-komponente/laptop-racunari/laptop-acer-aspire-a315-156-fhd-ryzen-7-5700u-16gb-512gb.html
MACBOOK AIR 13.6 APPLE SILVER/M2/8C GPU/16GB/256GB-ZEE MC7V4ZE/A,1049.0,Tehnomax,https://tehnomax.me/racunari-i-komponente/laptop-racunari/macbook-air-136-apple-silver-m2-8c-gpu-16gb-256gb-zee-mc7v4ze-a.html
LAPTOP HP PB455G9 R5-5625U/8GB/512 9M3Q0AT,449.1,Tehnomax,https://tehnomax.me/racunari-i-komponente/laptop-racunari/laptop-hp-pb-455-g9-r5-8gb-512-9m3q0at.html
MACBOOK PRO 14 APPLE SPACE BLACK/M4/10C/10C GPU/16GB/512GB MW2U3ZE/A,2110.0,Tehnomax,https://tehnomax.me/racunari-i-komponente/laptop-racunari/macbook-pro-14-apple-space-black-m4-10c-10c-gpu-16gb-512gb-mw2u3ze-a.html
"NB ASUS 14"" TP3402VA-LZ452 Touch i3-1315U/8G/512GB/Bl",697.84,Tehnomax,https://tehnomax.me/racunari-i-komponente/laptop-racunari/nb-asus-14-tp3402va-lz452-touch-i3-1315u-8g-512gb-bl.html
"FA507NUR-LP003, 15,6/FHD/7-7435HS/16GB/RTX4550/S512GB",1280.46,Tehnomax,https://tehnomax.me/racunari-i-komponente/laptop-racunari/fa507nur-lp003-156-fhd-7-7435hs-16gb-rtx4550-s512gb.html
"NOT LENOVO V15-IJL G2 15,6"" CELERON N4500/8G/256G/DOS/3Y, 82QY00QCYA",304.25,Tehnomax,https://tehnomax.me/racunari-i-komponente/laptop-racunari/not-lenovo-v15-ijl-g2-156-celeron-n4500-8g-256g-dos-3y-82qy00qcya.html
"NOT LN V15-AMN G4 R5-7520U/16G/512G/DOS/YU/3Y, 82YU00YQYA",516.59,Tehnomax,https://tehnomax.me/racunari-i-komponente/laptop-racunari/not-lenovo-v15-amn-g4-r5-7520u-16g-512g-dos-3y-82yu00yqya.html
"NOT LN V15 G4 IRU I5-13420H 16G/512G/DOS/YU/3Y, 83A100ABYA",542.48,Tehnomax,https://tehnomax.me/racunari-i-komponente/laptop-racunari/not-ln-v15-g4-iru-i5-13420h-16g-512g-dos-yu-3y-83a100abya.html
"ASUS ROG Strix G16, G614JVR-N4003",2163.0,PC-Gamer,https://pc-gamer.me/p/ASUS-ROG-Strix-G16-G614JVR-N4003--103911
"M1502YA-BQ018, 15,6""/FHD/Ryzen 7 7730U/16GB/S1TB/INT/DOS/BLU/2Y",736.68,Tehnomax,https://tehnomax.me/racunari-i-komponente/laptop-racunari/nb-asus-156-m1502ya-bq018-r7-7730u-16g-1tb.html
"LAPTOP ASUS 15.6"" X1504VA-BQ005 I5-1335U/16GB/512GB",666.0,Tehnomax,https://tehnomax.me/racunari-i-komponente/laptop-racunari/laptop-asus-156-x1504va-bq005-i5-1335u-16gb-512gb.html
"NB ASUS 15,6"" X1504ZA-NJ887 i5-1235U/16GB/512GB",529.53,Tehnomax,https://tehnomax.me/racunari-i-komponente/laptop-racunari/nb-asus-156-x1504za-nj887-i5-1235u-16gb-512gb.html
"E1504FA-NJ935, 15,6""/FHD/Ryzen 3 7230U/8GB/S512GB/INT/DOS/GRN/2Y",438.9,Tehnomax,https://tehnomax.me/racunari-i-komponente/laptop-racunari/nb-asus-156-e1504fa-nj935-r3-7320u-8g-512g.html
LAPTOP DELL VOSTRO 3520 15.6' FHD 120HZ I3-1215U/512GB NOT23899,378.0,Tehnomax,https://tehnomax.me/racunari-i-komponente/laptop-racunari/laptop-dell-vostro-3520-156-fhd-120hz-i3-1215u-512gb-not23899.html
"UX3405CA-QL279, 14""/WUXGA/H Core Ultra 5/16G/S1TB/DOS/INT/BLU/2Y",1281.75,Tehnomax,https://tehnomax.me/racunari-i-komponente/laptop-racunari/ux3405ca-ql279-14-wuxga-h-core-ultra-5-16g-s1tb-dos-int-blu-2y.html
"NB ASUS 14"" Zenbook ASUS UM3406KA-QD149W",1474.66,Tehnomax,https://tehnomax.me/racunari-i-komponente/laptop-racunari/nb-asus-14-zenbook-asus-um3406ka-qd149w.html
"NOT HP Victus 15-fb2015nm, A71RZEA#BED",1086.25,Tehnomax,https://tehnomax.me/racunari-i-komponente/laptop-racunari/not-hp-victus-15-fb2015nm-a71rzeabed.html
"HP NOT 255 G10 R5-7530U 16G512,AK9N8AT#BED",516.59,Tehnomax,https://tehnomax.me/racunari-i-komponente/laptop-racunari/hp-not-255-g10-r5-7530u-16g512ak9n8atbed.html
HP Pavilion 15-eh3025nm 9J528EA,753.0,PC-Gamer,https://pc-gamer.me/p/HP-Pavilion-15-eh3025nm-9J528EA--110881
"ANV15-41-R5H1, 15,6/FHD/Ryzen 5 6600H/16GB/S512GB/RTX2050/DOS/BLK/2Y",827.31,Tehnomax,https://tehnomax.me/racunari-i-komponente/laptop-racunari/anv15-41-r5h1-156-fhd-ryzen-5-6600h-16gb-s512gb-rtx2050-dos-blk-2y.html
"UX8406CA-QL075W, 14""/FHD/H Core Ultra 7/32G/1TB/W11H/INT/GRY/2Y",2109.07,Tehnomax,https://tehnomax.me/racunari-i-komponente/laptop-racunari/ux8406ca-ql075w-14-fhd-h-core-ultra-7-32g-1tb-w11h-int-gry-2y.html
"NOT AC ANV15-41-R7ET, NH.QSGEX.008",1073.31,Tehnomax,https://tehnomax.me/racunari-i-komponente/laptop-racunari/not-ac-anv15-41-r7et-nhqsgex008.html
"FA507UI-HQ029, 15,6""/QHD/R 9 8945H/32GB/S1TB/RTX 4070-8GB/DOS/RGY/2Y",2067.64,Tehnomax,https://tehnomax.me/racunari-i-komponente/laptop-racunari/fa507ui-hq029-156-qhd-r-9-8945h-32gb-s1tb-rtx-4070-8gb-dos-rgy-2y.html
"UX3407RA-QD026X, 14/WUXGA/X Elite X1E/32GB/S1TB/INT/W11P/GRY/2Y",1837.18,Tehnomax,https://tehnomax.me/racunari-i-komponente/laptop-racunari/ux3407ra-qd026x-14-wuxga-x-elite-x1e-32gb-s1tb-int-w11p-gry-2y.html
"X1504ZA-NJ847, 15,6""/FHD/i3-1215U/8GB/S512GB/INT/DOS/BLU/2Y",438.9,Tehnomax,https://tehnomax.me/racunari-i-komponente/laptop-racunari/x1504za-nj847-156-fhd-i3-1215u-8gb-s512gb-int-dos-blu-2y.html
"NOT AC A315-44P-R65Z, NX.KSJEX.022",516.59,Tehnomax,https://tehnomax.me/racunari-i-komponente/laptop-racunari/not-ac-a315-44p-r65z-nxksjex022.html
"NB ASUS 15,6"" FA506NC-HN012 R5-7535HS/H/16G/512G/RTX3050",969.73,Tehnomax,https://tehnomax.me/racunari-i-komponente/laptop-racunari/nb-asus-156-fa506nc-hn012-r5-7535hs-h-16g-512g-rtx3050.html
"Dell G15 5530 i5-13450HX/16GB DDR5/512GB/15.6"" FHD 120Hz/RTX 3050 6GB/Backlit US/NoOS",1109.5,PC-Gamer,https://pc-gamer.me/p/Dell-G15-5530-i5-13450HX-16GB-DDR5-512GB-15-6-FHD-120Hz-RTX-3050-6GB-Backlit-US-NoOS--110242
"Dell G15 5530 i7-13650HX/16GB/1TB/15.6"" FHD 165 Hz/RTX 4060 8GB/US Backlit/NoOS",1614.8,PC-Gamer,https://pc-gamer.me/p/Dell-G15-5530-i7-13650HX-16GB-1TB-15-6-FHD-165-Hz-RTX-4060-8GB-US-Backlit-NoOS--110244
"Dell Latitude 3450 i5-1335U/16GB DDR5/512GB/14"" FHD IPS/IntelIris/Backlit YU/NoOS",949.1,PC-Gamer,https://pc-gamer.me/p/Dell-Latitude-3450-i5-1335U-16GB-DDR5-512GB-14-FHD-IPS-IntelIris-Backlit-YU-NoOS--110310
"Dell Vostro 3530 i5-1334U/8GB/512GB SSD/15.6"" FHD 120Hz/IntelUHD/YU/NoOS",497.16,Tehnomax,https://tehnomax.me/racunari-i-komponente/laptop-racunari/dell-vostro-3530-i5-1334u-8gb-512gb-ssd-156-fhd-120hz-inteluhd-yu-noos.html
"HP EliteBook 660 G11 Ultra5 125U/16GB DDR5/512GB/16"" WUXGA IPS/IntellUHD/BacklitYU/NoOS/Silver",919.24,Tehnomax,https://tehnomax.me/racunari-i-komponente/laptop-racunari/hp-elitebook-660-g11-ultra5-125u-16gb-ddr5-512gb-16-wuxga-ips-intelluhd-backlityu-noos-silver.html
"HP EliteBook 830 G11 Win11 PRO/Ultra7 155U/16GB DDR5/512GB SSD/13.3"" WUXGA IPS/Silver/YU",1385.33,Tehnomax,https://tehnomax.me/racunari-i-komponente/laptop-racunari/hp-elitebook-830-g11-win11-pro-ultra7-155u-16gb-ddr5-512gb-ssd-133-wuxga-ips-silver.html
HP OmniBook Ultra Flip 14-fh0001nm,2126.7,PC-Gamer,https://pc-gamer.me/p/HP-OmniBook-Ultra-Flip-14-fh0001nm--109976
"HP Pavilion Aero 13-bg0035nn Win11/Ryzen5 8640U/16GB DDR5/512GB/13.3"" WQXGA IPS/Backlit ENG/silver",1228.67,Tehnomax,https://tehnomax.me/racunari-i-komponente/laptop-racunari/hp-pavilion-aero-13-bg0035nn-win11-ryzen5-8640u-16gb-ddr5-512gb-133-wqxga-ips-backlit-eng-silver.html
"HP Pavilion x360 14-ek1008nm i5-1335U/16GB/512GB SSD/14"" FHD IPS Touch MicroEdge/IntelIris/NoOS/Silv",919.24,Tehnomax,https://tehnomax.me/racunari-i-komponente/laptop-racunari/hp-pavilion-x360-14-ek1008nm-i5-1335u-16gb-512gb-ssd-14-fhd-ips-touch-microedge-inteliris-noos-silv.html
"HP Spectre x360 16-aa0008nn Win11/Ultra7 155H/32GB DDR5/2TB SSD/16"" 2.8K OLED Touch HDR/RTX4050 6GB",2964.86,Tehnomax,https://tehnomax.me/racunari-i-komponente/laptop-racunari/hp-spectre-x360-16-aa0008nn-win11-ultra7-155h-32gb-ddr5-2tb-ssd-16-28k-oled-touch-hdr-rtx4050-6gb.html
"HP Victus Gaming 16-r0026nm i5-13500H/16GB DDR5/512GB SSD/16.1"" FHD 144Hz IPS/RTX4050 6GB/NoOS",1035.76,Tehnomax,https://tehnomax.me/racunari-i-komponente/laptop-racunari/hp-victus-gaming-16-r0026nm-i5-13500h-16gb-ddr5-512gb-ssd-161-fhd-144hz-ips-rtx4050-6gb-noos.html
Lenovo Legion 5 16IRX9 i5-13450HX/16GB DDR5/512GB SSD/16,1422.88,Tehnomax,https://tehnomax.me/racunari-i-komponente/laptop-racunari/lenovo-legion-5-16irx9-i5-13450hx-16gb-ddr5-512gb-ssd-16-wqxga-ips-165hz-rtx4060-8gb-backlityu-noos.html
"Lenovo Legion 5 i5-13450HX/16GB DDR5/1TB/RTX4060/16"" WQXGA IPS/bklt YU/LunaGray",1513.5,Tehnomax,https://tehnomax.me/racunari-i-komponente/laptop-racunari/lenovo-legion-5-i5-13450hx-16gb-ddr5-1tb-rtx4060-16-wqxga-ips-bklt-yu-lunagray.html
"Lenovo ThinkPad E16 Gen 2 Ultra5 125U/16GB DDR5/512GB/16"" WUXGA IPS/BacklitUK/NoOS/Black",1021.52,Tehnomax,https://tehnomax.me/racunari-i-komponente/laptop-racunari/lenovo-thinkpad-e16-gen-2-ultra5-125u-16gb-ddr5-512gb-16-wuxga-ips-backlituk-noos-black.html
"Tesla Book9 Win11/i7-12700H/16GB/512GB SSD/16"" QHD IPS 120Hz 350nits/RTX2050 DDR6 4GB/Silver",1240.32,Tehnomax,https://tehnomax.me/racunari-i-komponente/laptop-racunari/tesla-book9-win11-i7-12700h-16gb-512gb-ssd-16-qhd-ips-120hz-350nits-rtx2050-ddr6-4gb-silver.html
LAPTOP ACER NITRO 5 AN517-42-R71F NH.QGLEX.002,2259.0,Tehnomax,https://tehnomax.me/racunari-i-komponente/laptop-racunari/laptop-acer-an517-42-r71f-nitro-nhqglex002.html
LAPTOP HP 15S-FQ3009NM 4Q630EA,351.0,Tehnomax,https://tehnomax.me/racunari-i-komponente/laptop-racunari/laptop-hp-15s-fq3009nm-4q630ea.html
LAPTOP ASUS VIVOBOOK X515EA-BQ311,468.0,Tehnomax,https://tehnomax.me/racunari-i-komponente/laptop-racunari/laptop-asus-x515ea-bq311.html
LAPTOP ACER SWIFT 3 SF314-43-R3BC NX.AB1EX.00U,629.1,Tehnomax,https://tehnomax.me/racunari-i-komponente/laptop-racunari/laptop-acer-sf314-43-r3bc.html
LAPTOP ASUS UX582ZW-OLED-H941X I9/32/1T/3070TI/WIN11,3465.0,Tehnomax,https://tehnomax.me/racunari-i-komponente/laptop-racunari/laptop-asus-ux582zw-oled-h941x-i9-32-1t-3070ti-win11_21089.html
LAPTOP ACER ASPIRE A315-58-51D4,432.0,Tehnomax,https://tehnomax.me/racunari-i-komponente/laptop-racunari/laptop-acer-aspire-a315-58-51d4.html
"LAPTOP ASUS ZENBOOK 14"" UM3402YAR-OLED-KM521W R5-7530U/16/512/W11H + DUB D-LINK USB",1089.0,Tehnomax,https://tehnomax.me/racunari-i-komponente/laptop-racunari/laptop-asus-zenbook-14-um3402yar-oled-km521w-r5-7530u-16-512-w11h-dub-d-link-usb.html
LAPTOP ACER SFX14-71G-707H NX.KEVEX.00A,1755.0,Tehnomax,https://tehnomax.me/racunari-i-komponente/laptop-racunari/laptop-acer-sfx14-71g-707h-nxkevex00a.html
LAPTOP ACER NITRO AN17-41-R2LT NH.QL1EX.00D,1512.0,Tehnomax,https://tehnomax.me/racunari-i-komponente/laptop-racunari/laptop-acer-nitro-an17-41-r2lt-nhql1ex00d.html
"LAPTOP HP 15S-EQ2160NM R5-5500 16GB 512, 8C9R2EA",506.7,Tehnomax,https://tehnomax.me/racunari-i-komponente/laptop-racunari/laptop-hp-15s-eq2160nm-r5-5500-16gb-512-8c9r2ea.html
LAPTOP HP 15-FC0037NM R3-7320U 8G512 8D6M9EA,468.0,Tehnomax,https://tehnomax.me/racunari-i-komponente/laptop-racunari/laptop-hp-15-fc0037nm-r3-7320u-8g512-8d6m9ea.html
LAPTOP NITRO ACER AN517-55-77SU NITRO NH.QLGEX.00D,1395.0,Tehnomax,https://tehnomax.me/racunari-i-komponente/laptop-racunari/laptop-nitro-acer-an517-55-77su-nitro-nhqlgex00d.html
LAPTOP ACER PREDATOR HELIOS NEO PHN16-72-91PQ NH.QREEX.009,2295.0,Tehnomax,https://tehnomax.me/racunari-i-komponente/laptop-racunari/laptop-acer-predator-helios-neo-phn16-72-91pq-nhqreex009.html
"LAPTOP ASUS E1504FA-NJ319 R5-7520U/16G/512G 15.6""",517.5,Tehnomax,https://tehnomax.me/racunari-i-komponente/laptop-racunari/laptop-asus-e1504fa-nj319-r5-7520u-16g-512g-156.html
LAPTOP ACER EX215-55-57QP NX.EGYEX.00R,567.0,Tehnomax,https://tehnomax.me/racunari-i-komponente/laptop-racunari/laptop-acer-ex215-55-57qp-nxegyex00r.html
LAPTOP ACER A315-44P-R450 NX.KSJEX.014+TORBA,469.8,Tehnomax,https://tehnomax.me/racunari-i-komponente/laptop-racunari/laptop-acer-a315-44p-r450-nxksjex014torba.html
LAPTOP ASUS X1505VA-MA437 OLED I713-700H/16G/512G,846.0,Tehnomax,https://tehnomax.me/racunari-i-komponente/laptop-racunari/laptop-asus-x1505va-ma437-oled-i713-700h-16g-512g.html
LAPTOP ACER PREDATOR PH16-72-90D0 NH.QRAEX.004,3510.0,Tehnomax,https://tehnomax.me/racunari-i-komponente/laptop-racunari/laptop-acer-predator-ph16-72-90d0-nhqraex004.html
LAPTOP LENOVO V15-AMN G4 R3-7320U 8GB/256GB/DOS/3Y 82YU00YWYA,359.1,Tehnomax,https://tehnomax.me/racunari-i-komponente/laptop-racunari/laptop-lenovo-v15-amn-g4-r3-7320u-8gb-256gb-dos-3y-82yu00ywya.html
"LAPTOP LENOVO LOQ 15IAX9I GREY 15.6"" IPS 144HZ I5/16GB/1TB",846.9,Tehnomax,https://tehnomax.me/racunari-i-komponente/laptop-racunari/laptop-lenovo-loq-15iax9i-grey-156-ips-144hz-i5-16gb-1tb.html
"LAPTOP ASUS M5406NA-QD080 OLED R5-7535HS/16G/512 14""",841.5,Tehnomax,https://tehnomax.me/racunari-i-komponente/laptop-racunari/laptop-asus-m5406na-qd080-oled-r5-7535hs-16g-512-14.html
LAPTOP ASUS ROG ZEPHYRUS G16 GU605MI-QR153W,2934.0,Tehnomax,https://tehnomax.me/racunari-i-komponente/laptop-racunari/laptop-asus-rog-zephyrus-g16-gu605mi-qr153w.html
LAPTOP HP 15S-FQ5065NM I5-1235U/16GB/512GB 8C9E7EA,607.5,Tehnomax,https://tehnomax.me/racunari-i-komponente/laptop-racunari/laptop-15s-fq5065nm-i5-1235u-16gb-512gb-8c9e7ea.html
LAPTOP HP 15-FC0095NM R7-7730U/16GB/512GB A74SPEA,733.5,Tehnomax,https://tehnomax.me/racunari-i-komponente/laptop-racunari/laptop-hp-15-fc0095nm-r7-7730u-16gb-512gb-a74spea.html
LAPTOP HP 14S-DQ5032NM I3-1215U/8G256 A8KM8EA,400.5,Tehnomax,https://tehnomax.me/racunari-i-komponente/laptop-racunari/laptop-hp-14s-dq5032nm-i3-1215u-8g256-a8km8ea.html
"LAPTOP ACER 15.6"" EX215-55-3819 I3-1215U/8GB/512GB",339.21,Tehnomax,https://tehnomax.me/racunari-i-komponente/laptop-racunari/laptop-acer-156-ex215-55-3819-i3-1215u-8gb-512gb.html
LAPTOP LENOVO IDEAPAD 1 15IGL7 15.6' INTEL CELERON N4020/8GB/256GB PLAVI,283.5,Tehnomax,https://tehnomax.me/racunari-i-komponente/laptop-racunari/laptop-lenovo-ideapad-1-15igl7-156-intel-celeron-n4020-8gb-256gb-sivi.html
LAPTOP ACER PHN16-71-70LL NH.QLVEX.00R,1800.0,Tehnomax,https://tehnomax.me/racunari-i-komponente/laptop-racunari/laptop-acer-phn16-71-70ll-nhqlvex00r.html
LAPTOP ASUS TUF GAMING A15 FA507UV-LP111 R9-8945H/16G/1TB/RTX4060,1593.0,Tehnomax,https://tehnomax.me/racunari-i-komponente/laptop-racunari/laptop-asus-tuf-gaming-a15-fa507uv-lp111-r9-8945h-16g-1tb-rtx4060.html
LAPTOP ASUS ROG STRIX G16 G614JU-N3136,1566.0,Tehnomax,https://tehnomax.me/racunari-i-komponente/laptop-racunari/laptop-asus-rog-strix-g16-g614ju-n3136.html
LAPTOP LENOVO IDEAPAD 1 15ALC7 SIVA 15.6' RYZEN5 5500U/8GB/512GB/RADEON GRAPH,450.0,Tehnomax,https://tehnomax.me/racunari-i-komponente/laptop-racunari/laptop-lenovo-ideapad-1-15alc7-siva-156-ryzen5-5500u-16gb-512gb-radeon-graph.html
LAPTOP ACER AN517-55-56BE NITRO NH.QLGEX.00B,1305.0,Tehnomax,https://tehnomax.me/racunari-i-komponente/laptop-racunari/laptop-acer-an517-55-56be-nitro-nhqlgex00b.html
LAPTOP ASUS N6506MV-MA043W,1953.0,Tehnomax,https://tehnomax.me/racunari-i-komponente/laptop-racunari/laptop-asus-n6506mv-ma043w.html
MACBOOK PRO 14 APPLE SILVER/M4 PRO/12C/16C GPU/24GB/512GB MX2E3ZE/A,2701.0,Tehnomax,https://tehnomax.me/racunari-i-komponente/laptop-racunari/macbook-pro-14-apple-silver-m4-pro-12c-16c-gpu-24gb-512gb-mx2e3ze-a.html
LAPTOP ASUS 15.6' X1504VA-NJ1144 I3-1315U/16GB/512GB,522.0,Tehnomax,https://tehnomax.me/racunari-i-komponente/laptop-racunari/laptop-asus-156-x1504va-nj1144-i3-1315u-16gb-512gb.html
LAPTOP ACER EX215-23-R2TV NX.EH3EX.013,526.5,Tehnomax,https://tehnomax.me/racunari-i-komponente/laptop-racunari/laptop-racunar-acer-ex215-23-r2tv-nxeh3ex013.html
"LAPTOP LENOVO IDEAPAD SLIM 3 16ABR8 16"" IPS RYZEN 7 7730U/16GB/512GB/RADEON GRAPHICS",558.0,Tehnomax,https://tehnomax.me/racunari-i-komponente/laptop-racunari/laptop-lenovo-ideapad-slim-3-16abr8-16-ips-ryzen-7-7730u-16gb-512gb-radeon-graphics.html
LAPTOP HP 455 G10 R5-7530I 8GB/512GB/854S1ES#BED,648.0,Tehnomax,https://tehnomax.me/racunari-i-komponente/laptop-racunari/laptop-racunar-hp-455-g10-r5-7530i-8gb-512gb-854s1esbed.html
LAPTOP HP 250 G9 I3-1215U 8GB/512/9M3H9AT,400.5,Tehnomax,https://tehnomax.me/racunari-i-komponente/laptop-racunari/laptop-racunar-hp-250-g9-i3-1215u-8gb-512-9m3h9at.html
LAPTOP DELL VOSTRO 3520 15.6' FHD 120HZ I3-1215U/16GB/512GB NOT22726/NOT24749,414.31,Tehnomax,https://tehnomax.me/racunari-i-komponente/laptop-racunari/laptop-dell-vostro-3520-156-fhd-120hz-i3-1215u-16gb-512gb-not22726.html
LAPTOP ASUS TUF GAMING FA707NUR-HX002,1381.5,Tehnomax,https://tehnomax.me/racunari-i-komponente/laptop-racunari/laptop-racunar-asus-tuf-gaming-fa707nur-hx002.html
LAPTOP LENOVO IDEAPAD 1 15IGL7 15.6' CELERON N4500/8GB DDR4/512GB M.2/UHD GRAPHICS 600 GREY,305.1,Tehnomax,https://tehnomax.me/racunari-i-komponente/laptop-racunari/laptop-racunar-lenovo-ideapad-1-15igl7-156-celeron-n4500-8gb-ddr4-512gb-m2-uhd-graphics-600-grey.html
LAPTOP ACER A315-59--76ZH NX.K6SEX.01P+TORBA MS NOTE D100,610.94,Tehnomax,https://tehnomax.me/racunari-i-komponente/laptop-racunari/laptop-acer-a315-59-76zh-nxk6sex01ptorba-ms-note-d100.html
LAPTOP LENOVO IDEAPAD  15AMN7 R3-7320U/8GB-DDR5/512GB,315.0,Tehnomax,https://tehnomax.me/racunari-i-komponente/laptop-racunari/laptop-lenovo-ideapad-15amn7-r3-7320u-16gb-ddr5-512gb_45532.html
LAPTOP LENOVO IDEAPAD  15IAN8 I3-N305/8GB-DDR5/512GB SILVER,346.5,Tehnomax,https://tehnomax.me/racunari-i-komponente/laptop-racunari/laptop-lenovo-ideapad-15ian8-i3-n305-8gb-ddr5-512gb.html
LAPTOP DELL VOSTRO 3530 15.6' FHD 120HZ I3-1305U/16GB/256GB NOT23621,409.5,Tehnomax,https://tehnomax.me/racunari-i-komponente/laptop-racunari/laptop-dell-vostro-3530-156-fhd-120hz-i3-1305u-16gb-256gb-not23621.html
LAPTOP GIGABYTE G6X 9KG 16' FHD 165HZ I7-13650HX/16GB/1TB SSD/RTX 4060 8GB NOT23500,1281.75,Tehnomax,https://tehnomax.me/racunari-i-komponente/laptop-racunari/laptop-gigabyte-g6x-9kg-16-fhd-165hz-i7-13650hx-16gb-1tb-ssd-rtx-4060-8gb-not23500.html
LAPTOP HP 255 G10 R3-7330U/8GB/512GB/7N0C5ES,468.0,Tehnomax,https://tehnomax.me/racunari-i-komponente/laptop-racunari/laptop-hp-255-g10-r3-7330u-8gb-512gb-7n0c5es.html
LAPTOP HP NOT250 G9 I5/16GB/512GB/9M3J5AT#BED,522.0,Tehnomax,https://tehnomax.me/racunari-i-komponente/laptop-racunari/laptop-hp-not250-g9-i5-16gb-512gb-9m3j5atbed.html
LAPTOP LENOVO IDEAPAD SLIM 3 15IAH8 16' I5-12450H/16GB DDR5/1TB M.2/UHD GRAPHICS SIVA,599.4,Tehnomax,https://tehnomax.me/racunari-i-komponente/laptop-racunari/laptop-lenovo-ideapad-slim-3-15iah8-16-i5-12450h-16gb-ddr5-1tb-m2-uhd-graphics-siva.html
LAPTOP ACER ANV15-41-R1V2 NH.QSFEX.00E,1282.5,Tehnomax,https://tehnomax.me/racunari-i-komponente/laptop-racunari/laptop-acer-anv15-41-r1v2-nhqsfex00e.html
"LAPTOP ASUS 15.6"" E1504FA-NJ318 5-7520U/16GB/512GB",522.0,Tehnomax,https://tehnomax.me/racunari-i-komponente/laptop-racunari/laptop-asus-156-e1504fa-nj318-5-7520u-16gb-512gb.html
"LAPTOP ASUS VIVOBOOK GO E1504FA-NJ935 AMD RYZEN 3 7320U/8GB/512GB/15.6""",418.5,Tehnomax,https://tehnomax.me/racunari-i-komponente/laptop-racunari/laptop-asus-vivobook-go-e1504fa-nj935-amd-ryzen-3-7320u-8gb-512gb-156.html
"LAPTOP RACUNAR LENOVO IDEAPAD 15IGL7 15.6"" INTEL CELERON 4500/8GB/256GB/INTEL UHD",270.0,Tehnomax,https://tehnomax.me/racunari-i-komponente/laptop-racunari/laptop-racunar-lenovo-ideapad-15igl7-156-intel-celeron-4500-8gb-256gb-intel-uhd.html
LAPTOP ASUS TUF GAMING F15 FA506NFR-HN010,963.0,Tehnomax,https://tehnomax.me/racunari-i-komponente/laptop-racunari/laptop-asus-tuf-gaming-f15-fa506nfr-hn010.html
LAPTOP HP NOT250 G10 I3-1315U 16GB/512GB/AK9P4AT,405.0,Tehnomax,https://tehnomax.me/racunari-i-komponente/laptop-racunari/laptop-hp-not250-g10-i3-1315u-16gb-512gb-ak9p4at.html
LAPTOP HP NOT255 G10 R5-7530U/16GB/512GB/AK9N8AT,524.12,Tehnomax,https://tehnomax.me/racunari-i-komponente/laptop-racunari/laptop-hp-not255-g10-r5-7530u-16gb-512gb-ak9n8at.html
LAPTOP HP NOT255 G9 R5-5625U/8GB/512GB/969C3ET,422.47,Tehnomax,https://tehnomax.me/racunari-i-komponente/laptop-racunari/laptop-hp-not255-g9-r5-5625u-8gb-512gb-969c3et.html
LAPTOP ASUS VIVOBOOK FLIP TN3402YA-LZ392,783.0,Tehnomax,https://tehnomax.me/racunari-i-komponente/laptop-racunari/laptop-asus-vivobook-flip-tn3402ya-lz392.html
LAPTOP DELL INSPIRON 3535 15.6' FHD 120HZ /AMD RYZEN 5 7520U/8GB/512GB NOT24242,463.5,Tehnomax,https://tehnomax.me/racunari-i-komponente/laptop-racunari/laptop-dell-inspiron-3535-156-fhd-120hz-amd-ryzen-5-7520u-8gb-512gb-not24242.html
LAPTOP LENOVO IDEAPAD 1 15ALC7 R5-5500U/16GB/512GB CLOUD GREY,427.5,Tehnomax,https://tehnomax.me/racunari-i-komponente/laptop-racunari/laptop-lenovo-ideapad-1-15alc7-r5-5500u-16gb-512gb-cloud-grey.html
LAPTOP ASUS VIVOBOOK M1502YA-BQ018 90NB0X21-M00DX0,729.0,Tehnomax,https://tehnomax.me/racunari-i-komponente/laptop-racunari/laptop-asus-vivobook-m1502ya-bq018-90nb0x21-m00dx0.html
LAPTOP ASUS VIVOBOOK S M5606WA-MX075,1305.0,Tehnomax,https://tehnomax.me/racunari-i-komponente/laptop-racunari/laptop-asus-vivobook-s-m5606wa-mx075.html
LAPTOP HP PROBOOK 450 G10 AK9R0AT,657.0,Tehnomax,https://tehnomax.me/racunari-i-komponente/laptop-racunari/laptop-hp-probook-450-g10-ak9r0at.html
LAPTOP ASUS VIVOBOOK S S5406SA-QD040X,1620.0,Tehnomax,https://tehnomax.me/racunari-i-komponente/laptop-racunari/laptop-asus-vivobook-s-s5406sa-qd040x.html
LAPTOP HP VICTUS GAMING 15-FA1010NM 8C9P8EA,990.0,Tehnomax,https://tehnomax.me/racunari-i-komponente/laptop-racunari/laptop-hp-victus-gaming-15-fa1010nm-8c9p8ea.html
"LAPTOP LENOVO IDEAPAD 1 15IJL7 15.6"" FHD, CELERON N4500 2.8GHZ/8GB DDR4/ 256GB/UHD 600 CLOUD GREY",288.0,Tehnomax,https://tehnomax.me/racunari-i-komponente/laptop-racunari/laptop-lenovo-ideapad-1-15ijl7-156-fhd-celeron-n4500-28ghz-8gb-ddr4-256gb-uhd-600-cloud-grey.html
"LAPTOP LENOVO IDEAPAD 1 15ALC7 15.6"" FHD,IPS, RYZEN 5 5500U,16GB DDR4, 512GB,RADEON GRAPHICS SAND",427.5,Tehnomax,https://tehnomax.me/racunari-i-komponente/laptop-racunari/laptop-lenovo-ideapad-1-15alc7-156-fhdips-ryzen-5-5500u16gb-ddr4-512gbradeon-graphics-sand.html
MACBOOK AIR 13.6 APPLE STARLIGHT/M4/8C GPU/16GB/256GB-ZEE MW0Y3ZE/A,1299.0,Tehnomax,https://tehnomax.me/racunari-i-komponente/laptop-racunari/macbook-air-136-apple-starlight-m4-8c-gpu-16gb-256gb-mw0y3ze-a.html
"LAPTOP ACER ASPIRE GO 15 15.3"" WUXGA IPS I7-1355U/16GB/1TB CRNI NOT24614",749.63,Tehnomax,https://tehnomax.me/racunari-i-komponente/laptop-racunari/laptop-acer-aspire-go-15-153-wuxga-ips-i7-1355u-16gb-1tb-crni-not24614.html
MACBOOK PRO 14 APPLE SILVER/M4/10C/10C GPU/16GB/1TB MW2X3ZE/A,2385.0,Tehnomax,https://tehnomax.me/racunari-i-komponente/laptop-racunari/macbook-pro-14-apple-silver-m4-10c-10c-gpu-16gb-1tb-mw2x3ze-a.html
LAPTOP HP PROBOOK 455 G10 R5-7530/15GB/512GB AK9Q3AT,585.0,Tehnomax,https://tehnomax.me/racunari-i-komponente/laptop-racunari/laptop-hp-probook-455-g10-r5-7530-15gb-512gb-ak9q3at.html
LAPTOP ACER AL16-52P-57CR NX.J5SEX.022,499.5,Tehnomax,https://tehnomax.me/racunari-i-komponente/laptop-racunari/laptop-acer-al16-52p-57cr-nxj5sex022.html
LAPTOP LENOVO V15 G4 I3-1315U/16GB/512GB/YU 83A1006XYA,405.0,Tehnomax,https://tehnomax.me/racunari-i-komponente/laptop-racunari/laptop-lenovo-v15-g4-i3-1315u-16gb-512gb-yu-83a1006xya.html
LAPTOP LENOVO THINKBOOK 16 G6 ABP 21KK008PYA,666.0,Tehnomax,https://tehnomax.me/racunari-i-komponente/laptop-racunari/laptop-lenovo-thinkbook-16-g6-abp-21kk008pya.html
LAPTOP LENOVO V15 G4 IRU I5-13420H/16GB/512GB/YU/3Y 83A100ABY,535.5,Tehnomax,https://tehnomax.me/racunari-i-komponente/laptop-racunari/laptop-lenovo-v15-g4-iru-i5-13420h-16gb-512gb-yu-3y-83a100aby.html
LAPTOP LENOVO TB 16 IRL G6 I5-13420H/16GB/512GB/DOS/3Y 21 KH00T5YA,666.0,Tehnomax,https://tehnomax.me/racunari-i-komponente/laptop-racunari/laptop-lenovo-tb-16-irl-g6-i5-13420h-16gb-512gb-dos-3y-21-kh00t5ya.html
LAPTOP LENOVO IDEAPAD SLIM 3 15ABR8 R7-7730U/16GB/512GB 82XM00LAYA GREY,499.5,Tehnomax,https://tehnomax.me/racunari-i-komponente/laptop-racunari/laptop-lenovo-ideapad-slim-3-15abr8-r7-7730u-16gb-512gb-82xm00laya-grey.html
LAPTOP ASUS X1504ZA-NJ847 I3-1215U/8GB/512GB/WIFI 6E/BT PLAVA 90NB1021-M016X0,427.5,Tehnomax,https://tehnomax.me/racunari-i-komponente/laptop-racunari/laptop-asus-x1504za-nj847-i3-1215u-8gb-512gb-wifi-6e-bt-plava-90nb1021-m016x0.html
"LAPTOP LENOVO IDEAPAD SLIM 3 15IAH8 ABYSS BLUE 15.6"" I5-12450H/8GB/512GB/UHD",450.0,Tehnomax,https://tehnomax.me/racunari-i-komponente/laptop-racunari/laptop-lenovo-ideapad-slim-3-15iah8-abyss-blue-156-i5-12450h-8gb-512gb-uhd.html
LAPTOP ASUS ROG STRIX G713PI-LL116W W11H,2430.0,Tehnomax,https://tehnomax.me/racunari-i-komponente/laptop-racunari/laptop-asus-rog-strix-g713pi-ll116w-w11h.html
"LAPTOP LENOVO IDEAPAD  SLIM 5 14IRH10 LUNA GREY 14"" I5-13420H/32GB/1TB/UHD",765.0,Tehnomax,https://tehnomax.me/racunari-i-komponente/laptop-racunari/laptop-lenovo-ideapad-slim-5-14irh10-luna-grey-14-i5-13420h-32gb-1tb-uhd.html
"LAPTOP ASUS X1504ZA-NJ1080 I3-1215U/16GB/512GB 15.6""",468.0,Tehnomax,https://tehnomax.me/racunari-i-komponente/laptop-racunari/laptop-asus-x1504za-nj1080-i3-1215u-16gb-512gb-156.html
GIGABYTE G5 MF5 15.6 inch FHD 144Hz i7-13620H 16GB 1TB SSD GeForce RTX 4050 6GB Backlit gaming laptop,1362.93,Tehnomax,https://tehnomax.me/racunari-i-komponente/laptop-racunari/g5-mf5-156-inch-fhd-144hz-i7-13620h-16gb-1tb-ssd-geforce-rtx-4050-6gb-backlit-gaming-laptop.html
ACER Nitro 5 AN515 15.6 inča FHD IPS 144Hz Ryzen 7 6800H 16GB 512GB SSD GeForce RTX 3060 laptop + Postolje i hladnjak + MIŠ + RUKSAK,1566.59,Tehnomax,https://tehnomax.me/racunari-i-komponente/laptop-racunari/nitro-5-an515-156-inca-fhd-ips-144hz-ryzen-7-6800h-16gb-512gb-ssd-geforce-rtx-3060-laptop-postolje-i-hladnjak-mis-ruksak.html
DELL Latitude 3450 14 inch FHD i5-1335U 8GB 512GB SSD Backlit FP Ubuntu 3yr ProSupport laptop,1174.94,Tehnomax,https://tehnomax.me/racunari-i-komponente/laptop-racunari/latitude-3450-14-inch-fhd-i5-1335u-8gb-512gb-ssd-backlit-fp-ubuntu-3yr-prosupport-laptop.html
DELL Vostro 3440 14 inch FHD+ i5-1334U 16GB 512GB SSD Intel Iris Xe Backlit laptop,705.4,PC-Gamer,https://pc-gamer.me/p/DELL-Vostro-3440-14-inch-FHD-i5-1334U-16GB-512GB-SSD-Intel-Iris-Xe-Backlit-laptop--106478
DELL Vostro 3520 15.6 inch FHD 120Hz i3-1215U 8GB 512GB SSD + torba + mis,452.74,Tehnomax,https://tehnomax.me/racunari-i-komponente/laptop-racunari/dell-vostro-3520-156-inch-fhd-120hz-i3-1215u-8gb-512gb-ssd-torba-mis-.html
"ACER Nitro V 15 ANV15-41-R8SD 15.6 inča FHD Ryzen 5 6600H, 16GB,  512GB SSD GeForce RTX 3050 crni",1088.78,Tehnomax,https://tehnomax.me/racunari-i-komponente/laptop-racunari/acer-nitro-v-15-anv15-41-r8sd-156-inca-fhd-ryzen-5-6600h-16gb-512gb-ssd-geforce-rtx-3050-crni-.html
GIGABYTE A16 CMH 16 inch FHD+ 165Hz 300nits i5-13420H 16GB 512GB SSD GeForce RTX 4050 6GB Backlit gaming laptop,1095.04,Tehnomax,https://tehnomax.me/racunari-i-komponente/laptop-racunari/gigabyte-a16-cmh-16-inch-fhd-165hz-300nits-i5-13420h-16gb-512gb-ssd-geforce-rtx-4050-6gb-backlit-gaming-laptop-.html
DELL G16 7630 16 inch QHD+ 240Hz 300nits i7-13650HX 32GB 1TB SSD GeForce RTX 4060 8GB gaming laptop,2224.55,Tehnomax,https://tehnomax.me/racunari-i-komponente/laptop-racunari/g16-7630-16-inch-qhd-240hz-300nits-i7-13650hx-32gb-1tb-ssd-geforce-rtx-4060-8gb-gaming-laptop.html
Laptop Lenovo IdeaPad 15IJL7 Celeron N4500/8/256GB 82LX00BFYA,290.4,Tehnoplus,https://tehnoplus.me/artikli/laptop-lenovo-ideapad-15ijl7-celeron-n4500-8-256gb-82lx00bfya/
Laptop Acer Aspire Lite 14 AL14-31P-30K1 14'' i3-N300 8/512GB SSD (NX.KS9EX.002),328.0,Tehnoplus,https://tehnoplus.me/artikli/laptop-acer-aspire-lite-14-al14-31p-30k1-14-i3-n300-8-512gb-ssd-nx-ks9ex-002/
"Laptop HP 15-fd0047m i3-N305 8/256GB SSD/15.6"" FHD/Intel/UHD A03H5EA",391.2,Tehnoplus,https://tehnoplus.me/artikli/laptop-hp-15-fd0047m-i3-n305-8-256gb-ssd-15-6-fhd-intel-uhd-a03h5ea/
"Laptop DELL Vostro 3520 15.6"" i3-1215U 8/512GB SSD +torba+miš (NOT24818)/",392.0,Tehnoplus,https://tehnoplus.me/artikli/laptop-dell-vostro-3520-15-6-i3-1215u-8-512gb-ssd-torba-mis-not24818/
"Laptop Dell Vostro 3530 SSD 15.6"" FHD 120Hz/ i3 1305U/8/256GB 210-BGLW-004",407.2,Tehnoplus,https://tehnoplus.me/artikli/laptop-dell-vostro-3530-ssd-15-6-fhd-120hz-i3-1305u-8-256gb-210-bglw-004/
"Laptop HP 250 G10 i3-1315u/8/256/15.6"" FHD 8A5C9EA",407.2,Tehnoplus,https://tehnoplus.me/artikli/laptop-hp-250-g10-i3-1315u-8-256-15-6-fhd-8a5c9ea/
"Laptop Acer Extensa 15 EX215-55-3819 15.6"" i3-1215U 8/512GB SSD (NOT24637)",420.0,Tehnoplus,https://tehnoplus.me/artikli/laptop-acer-extensa-15-ex215-55-3819-15-6-i3-1215u-8-512gb-ssd-not24637/
"Laptop DELL OEM Vostro 3520 15.6"" i3-1215U 16/512GB SSD (NOT24749)/",427.2,Tehnoplus,https://tehnoplus.me/artikli/laptop-dell-oem-vostro-3520-15-6-i3-1215u-16-512gb-ssd-not24749/
"Laptop HP 250 G10 i3-1315u 15.6"" FHD 16/512GB SSD (AK9P4AT)",431.2,Tehnoplus,https://tehnoplus.me/artikli/laptop-hp-250-g10-i3-1315u-15-6-fhd-16-512gb-ssd-ak9p4at/
Laptop DELL Vostro 3530 15.6'' i3-1305U 8/512GB SSD (NOT22366)/,436.0,Tehnoplus,https://tehnoplus.me/artikli/laptop-dell-vostro-3530-15-6-i3-1305u-8-512gb-ssd-not22366/
"Laptop Dell Vostro 3520 i3-1215u 8GB/512GB 15.6"" FHD/Intel/UHD 210-BECX-001",439.2,Tehnoplus,https://tehnoplus.me/artikli/laptop-dell-vostro-3520-i3-1215u-8gb-512gb-15-6-fhd-intel-uhd-210-becx-001/
Laptop HP 250 G9 i3-1215u/8/512GB SSD 6S775EA,447.2,Tehnoplus,https://tehnoplus.me/artikli/laptop-hp-250-g9-i3-1215u-8-512gb-ssd-6s775ea/
Laptop HP 15-fd0091nm Intel i3 N305/8/512 A74SQEA,463.2,Tehnoplus,https://tehnoplus.me/artikli/laptop-hp-15-fd0091nm-intel-i3-n305-8-512-a74sqea/
Laptop HP 15-fd0042nm 15.6'' i3-N305 8/512GB SSD (A05S8EA),470.4,Tehnoplus,https://tehnoplus.me/artikli/laptop-hp-15-fd0042nm-15-6-i3-n305-8-512gb-ssd-a05s8ea/
Laptop HP 15-fc0088nm Ryzen 3 7320U/8/512 A74SMEA,479.2,Tehnoplus,https://tehnoplus.me/artikli/laptop-hp-15-fc0088nm-ryzen-3-7320u-8-512-a74smea/
Laptop HP 15-fc0087nm A74SLEA Ryzen 3 7320U/8/512/FHD,479.2,Tehnoplus,https://tehnoplus.me/artikli/laptop-hp-15-fc0087nm-a74slea-ryzen-3-7320u-8-512-fhd/
Laptop HP 15-fc0086nm Ryzen 3 7320U/8/512GB/IPS/15.6'' A74SKEA#BED,479.2,Tehnoplus,https://tehnoplus.me/artikli/laptop-hp-15-fc0086nm-ryzen-3-7320u-8-512gb-ips-15-6-a74skeabed/
Laptop HP 15-fc0038nm FHD 15.6'' AMD Ryzen3 7320U/8/512GB SSD 8D073EA,487.2,Tehnoplus,https://tehnoplus.me/artikli/laptop-hp-15-fc0038nm-fhd-15-6-amd-ryzen3-7320u-8-512gb-ssd-8d073ea/
"Laptop HP 250 G9 15.6"" FHD i5-1235U 12/512GB SSD (9M3J2AT)",495.2,Tehnoplus,https://tehnoplus.me/artikli/laptop-hp-250-g9-15-6-fhd-i5-1235u-12-512gb-ssd-9m3j2at/
"Laptop Asus Vivobook 15 X1504ZA-NJ1080 15,6"" i3-1215U 16/512GB SSD",503.2,Tehnoplus,https://tehnoplus.me/artikli/laptop-asus-vivobook-15-x1504za-nj1080-15-6-i3-1215u-16-512gb-ssd/
Laptop Dell Vostro 3520 i5-1235U/8/512GB/120Hz FHD NOT23208,508.0,Tehnoplus,https://tehnoplus.me/artikli/laptop-dell-vostro-3520-i5-1235u-8-512gb-120hz-fhd-not23208/
Laptop HP 15-fd0094nm A73TMEA i3 N305/8/512/FHD,511.2,Tehnoplus,https://tehnoplus.me/artikli/laptop-hp-15-fd0094nm-a73tmea-i3-n305-8-512-fhd/
Laptop DELL Vostro 3530 15.6'' i5-1334U 8/512GB SSD Intel Iris Xe YU (NOT24666)/,515.2,Tehnoplus,https://tehnoplus.me/artikli/laptop-dell-vostro-3530-15-6-i5-1334u-8-512gb-ssd-intel-iris-xe-yu-not24666/
"Laptop Dell Vostro 3530 i5-1334U 15.6"" 8/512GB SSD (210-BGLW-006)",519.2,Tehnoplus,https://tehnoplus.me/artikli/laptop-dell-vostro-3530-i5-1334u-15-6-8-512gb-ssd-210-bglw-006/
Laptop HP 15-fc0034nm AMD Rzyen 5 7520U/8/512 8C9E0EA,519.2,Tehnoplus,https://tehnoplus.me/artikli/laptop-hp-15-fc0034nm-amd-rzyen-5-7520u-8-512-8c9e0ea/
Laptop Asus X515EA-BQ322w i3-1115G4/8/512 90NB0TY2-M25060,527.2,Tehnoplus,https://tehnoplus.me/artikli/laptop-asus-x515ea-bq322w-i3-1115g4-8-512-90nb0ty2-m25060/
Laptop Asus 90NX0441 i3-1115G4 i3/8/256 90NX0441-M05290,527.2,Tehnoplus,https://tehnoplus.me/artikli/laptop-asus-90nx0441-i3-1115g4-i3-8-256-90nx0441-m05290/
Laptop HP 1255 G10 15.6'' AMD Ryzen5 7530U 16/512GB SSD AK9N8AT#BED,535.2,Tehnoplus,https://tehnoplus.me/artikli/laptop-hp-1255-g10-15-6-amd-ryzen5-7530u-16-512gb-ssd-ak9n8atbed/
"Laptop HP 250 G10 15.6"" i5-1334U 16/512GB SSD (AK9Q2AT)",535.2,Tehnoplus,https://tehnoplus.me/artikli/laptop-hp-250-g10-15-6-i5-1334u-16-512gb-ssd-ak9q2at/
Laptop Acer Aspire A315-57G-36HW i3-1005G1/8/512 NOT18234,535.2,Tehnoplus,https://tehnoplus.me/artikli/laptop-acer-aspire-a315-57g-36hw-i3-1005g1-8-512-not18234/
"Laptop HP 15-fd0062nm 15.6 "" i5-1334U 16/512GB SSD 9R7X4EA",575.2,Tehnoplus,https://tehnoplus.me/artikli/laptop-hp-15-fd0062nm-15-6-i5-1334u-16-512gb-ssd-9r7x4ea/
"Laptop Dell Vostro 3530 i5-1334U/16/512GB/Intel Iris Xe/15,6'' NOT23741",575.2,Tehnoplus,https://tehnoplus.me/artikli/laptop-dell-vostro-3530-i5-1334u-16-512gb-intel-iris-xe-15-6-not23741/
Laptop Lenovo V15-IIL i3-1005G1/8/256 Win10 82C500GJYA,591.2,Tehnoplus,https://tehnoplus.me/artikli/laptop-lenovo-v15-iil-i3-1005g1-8-256-win10-82c500gjya/
Laptop HP 15-fc0076nm A74SJEA Ryzen 5 7520U/16/512GB,623.2,Tehnoplus,https://tehnoplus.me/artikli/laptop-hp-15-fc0076nm-a74sjea-ryzen-5-7520u-16-512gb/
Laptop HP 15s-fq5066nm FHD 15.6'' i5-1235U/8/512GB SSD 8D089EA,631.2,Tehnoplus,https://tehnoplus.me/artikli/laptop-hp-15s-fq5066nm-fhd-15-6-i5-1235u-8-512gb-ssd-8d089ea/
"Laptop Lenovo V15-ALC 15,6"" Ryzen3 5300U/12/256GB SSD Win10 82KD000QYA",639.2,Tehnoplus,https://tehnoplus.me/artikli/laptop-lenovo-v15-alc-15-6-ryzen3-5300u-12-256gb-ssd-win10-82kd000qya/
Laptop Acer A315-59-50TG i5-1235U/16/512SSD NX.K6VEX.008,663.2,Tehnoplus,https://tehnoplus.me/artikli/laptop-acer-a315-59-50tg-i5-1235u-16-512ssd-nx-k6vex-008/
Laptop Lenovo V15 GEN2 ALC Ryzen 7 5700U/8/256GB Windows 10 Pro 10P 82KD000KYA,679.2,Tehnoplus,https://tehnoplus.me/artikli/laptop-lenovo-v15-gen2-alc-ryzen-7-5700u-8-256gb-windows-10-pro-10p-82kd000kya/
Laptop Asus X1504VA-BQ005 15.6'' i5-1335 16/512GB SSD,711.2,Tehnoplus,https://tehnoplus.me/artikli/laptop-asus-x1504va-bq005-15-6-i5-1335-16-512gb-ssd/
"Laptop DELL Inspiron 3535 15.6"" AMD Ryzen7 7730U 16GB/1TB SSD (NOT24243)",719.2,Tehnoplus,https://tehnoplus.me/artikli/laptop-dell-inspiron-3535-15-6-amd-ryzen7-7730u-16gb-1tb-ssd-not24243/
Laptop Lenovo LOQ 15IAX9I 15.6'' i5-12450HX 8/512GB SSD 83FQ003HYA 144Hz/Gaming,743.2,Tehnoplus,https://tehnoplus.me/artikli/laptop-lenovo-loq-15iax9i-15-6-i5-12450hx-8-512gb-ssd-83fq003hya-144hz-gaming/
Laptop Asus VivoBook Ryzen 7 7330U/16/1TB SSD M1502YA-BQ018 90NB0X21-M00DX0,759.2,Tehnoplus,https://tehnoplus.me/artikli/laptop-asus-vivobook-ryzen-7-7330u-16-1tb-ssd-m1502ya-bq018-90nb0x21-m00dx0/
Laptop Asus X1505ZA-OLED-L521 i5-1235U/16/512GB SSD/Indie Black 90NB0ZB1-M007B0,775.2,Tehnoplus,https://tehnoplus.me/artikli/laptop-asus-x1505za-oled-l521-i5-1235u-16-512gb-ssd-indie-black-90nb0zb1-m007b0/
Laptop Asus X1505ZA-OLED-L511 i5-1235U/8GB/512SSD 90NB0ZB1-M00760,790.4,Tehnoplus,https://tehnoplus.me/artikli/laptop-asus-x1505za-oled-l511-i5-1235u-8gb-512ssd-90nb0zb1-m00760/
"Laptop HP Pavilion 15-eh3025nm 15.6"" AMD Ryzen7 7730U 16/512GB SSD (9J528EA)",791.2,Tehnoplus,https://tehnoplus.me/artikli/laptop-hp-pavilion-15-eh3025nm-15-6-amd-ryzen7-7730u-16-512gb-ssd-9j528ea/
Laptop HP 17-cn3042nm 17.3'' i7-1355U 16/512GB SSD Intel Iris (B45DLEA),871.2,Tehnoplus,https://tehnoplus.me/artikli/laptop-hp-17-cn3042nm-17-3-i7-1355u-16-512gb-ssd-intel-iris-b45dlea/
"Apple Macbook Air 13.6"" M2 16/256GB (MC7W4LL/A) Starlight",980.0,Tehnoplus,https://tehnoplus.me/artikli/apple-macbook-air-13-6-m2-16-256gb-mc7w4ll-a-starlight/
"Apple Macbook Air 13"" M2 16/256GB (MC7X4HN/A) Midnight",980.0,Tehnoplus,https://tehnoplus.me/artikli/apple-macbook-air-13-m2-16-256gb-mc7x4hn-a-midnight/
Apple MacBook Air 13.6 M2 8/256GB (MLXW3ZP/A) Space Gray,999.2,Tehnoplus,https://tehnoplus.me/artikli/apple-macbook-air-13-6-m2-8-256gb-mlxw3zp-a-space-gray/
Laptop Dell G15 5511 15.6''/i5-11400H/8GB/512GB Backlit sivi 5Y5B,1055.2,Tehnoplus,https://tehnoplus.me/artikli/laptop-dell-g15-5511-15-6-i5-11400h-8gb-512gb-backlit-sivi-5y5b/
"Laptop Acer Nitro 5 AN515 15,6"" Ryzen5 7535HS/16/512/GeForce RTX 3050Ti FHD IPS 144Hz Gaming",1191.2,Tehnoplus,https://tehnoplus.me/artikli/laptop-acer-nitro-5-an515-15-6-ryzen5-7535hs-16-512-geforce-rtx-3050ti-fhd-ips-144hz-gaming/
"Apple Macbook Air 13.6"" M4 16/256GB (MW0W3HN/A) Silver",1224.0,Tehnoplus,https://tehnoplus.me/artikli/apple-macbook-air-13-6-m4-16-256gb-mw0w3hn-a-silver/
Laptop DELL Latitude 5450 14'' Intel Core Ultra5 125U 8/512GB SSD (NOT24336)/,1273.6,Tehnoplus,https://tehnoplus.me/artikli/laptop-dell-latitude-5450-14-intel-core-ultra5-125u-8-512gb-ssd-not24336/
"Laptop Lenovo Yoga Pro 7 14IMH9 Ultra5 125H/32GB/1TB 14.5"" 83E2004HYA",1295.2,Tehnoplus,https://tehnoplus.me/artikli/laptop-lenovo-yoga-pro-7-14imh9-ultra5-125h-32gb-1tb-14-5-83e2004hya/
Apple Macbook Air 13.6'' M3 8/512GB EU (MRXU3LL/A) Starlight,1368.0,Tehnoplus,https://tehnoplus.me/artikli/apple-macbook-air-13-6-m3-8-512gb-eu-mrxu3ll-a-starlight/
Apple MacBook Air 15'' M2 8/256GB (MQKU3E/A) Starlight,1378.4,Tehnoplus,https://tehnoplus.me/artikli/apple-macbook-air-15-m2-8-256gb-mqku3e-a-starlight/
"Apple Macbook Air 15"" M3 8/512GB EU (MRYV3B/A) Midnight",1680.0,Tehnoplus,https://tehnoplus.me/artikli/apple-macbook-air-15-m3-8-512gb-eu-mryv3b-a-midnight/
"Apple Macbook Air 15"" M3 16/512GB EU (MXD23LL/A) Silver",1720.0,Tehnoplus,https://tehnoplus.me/artikli/apple-macbook-air-15-m3-16-512gb-eu-mxd23ll-a-silver/
Laptop Asus K6502VU-OLED-MA531X i5-13500H/16GB/1TB SSD/Win11Pro 90NB1132-M003V0,1759.2,Tehnoplus,https://tehnoplus.me/artikli/laptop-asus-k6502vu-oled-ma531x-i5-13500h-16gb-1tb-ssd-win11pro-90nb1132-m003v0/
Laptop DELL G16 7630 16'' i9-13900HX 32GB/1TB SSD GeForce RTX 4070 8GB Gaming (NOT24049)/,2243.2,Tehnoplus,https://tehnoplus.me/artikli/laptop-dell-g16-7630-16-i9-13900hx-32gb-1tb-ssd-geforce-rtx-4070-8gb-gaming-not24049/
Lenovo IdeaPad 1 15IGL7,268.0,PC-Gamer,https://pc-gamer.me/p/Lenovo-IdeaPad-1-15IGL7--95849
"Lenovo IdeaPad 1 15IGL7 Celeron N4500/8GB/256GB SSD/15.6"" grey",269.0,PC-Gamer,https://pc-gamer.me/p/Lenovo-IdeaPad-1-15IGL7-Celeron-N4500-8GB-256GB-SSD-15-6-grey--107332
Lenovo 82LX00BFYA,283.5,PC-Gamer,https://pc-gamer.me/p/Lenovo-82LX00BFYA--110686
"Lenovo IdeaPad 1 15IJL7 Celeron N4500 / 8GB / 256GB SSD / 15.6"" FHD / IntelUHD /",291.3,PC-Gamer,https://pc-gamer.me/p/Lenovo-IdeaPad-1-15IJL7-Celeron-N4500-8GB-256GB-SSD-15-6-FHD-IntelUHD---107349
Lenovo V15 G2 IJL (82QY00QCYA),296.0,PC-Gamer,https://pc-gamer.me/p/Lenovo-V15-G2-IJL-82QY00QCYA---92807
HP 250 G8 N4020,297.0,PC-Gamer,https://pc-gamer.me/p/HP-250-G8-N4020--81479
Lenovo IdeaPad 1 15AMN7 AMD Ryzen 3 7320U / 8GB DDR5 / 512GB SSD / 15.6,319.0,PC-Gamer,https://pc-gamer.me/p/Lenovo-IdeaPad-1-15AMN7-AMD-Ryzen-3-7320U-8GB-DDR5-512GB-SSD-15-6--107639
Lenovo IdeaPad Slim 3 15IAN8,322.4,PC-Gamer,https://pc-gamer.me/p/Lenovo-IdeaPad-Slim-3-15IAN8--105114
Lenovo V15 G4 IRU i3-1315U/8GB/256GB SSD/15.6,339.0,PC-Gamer,https://pc-gamer.me/p/Lenovo-V15-G4-IRU-i3-1315U-8GB-256GB-SSD-15-6--105256
"acer aspire lite 14 al 14-31p-30k1,i30-n30,8gb,512gb",340.0,PC-Gamer,https://pc-gamer.me/p/acer-aspire-lite-14-al-14-31p-30k1-i30-n30-8gb-512gb--113059
HP 250 G10 Celeron N100/256GB/8GB DDR4/15.6,349.6,PC-Gamer,https://pc-gamer.me/p/HP-250-G10-Celeron-N100-256GB-8GB-DDR4-15-6--113255
HP 250 G10,365.0,PC-Gamer,https://pc-gamer.me/p/HP-250-G10--104542
Lenovo V15 G4 IRU i3-1315U/16GB/512GB SSD/15.6inča FHD IPS/IntelUHD/YU/NoOS/Black,399.0,PC-Gamer,https://pc-gamer.me/p/Lenovo-V15-G4-IRU-i3-1315U-16GB-512GB-SSD-15-6in-a-FHD-IPS-IntelUHD-YU-NoOS-Black--107220
HP 250 G10 i3-1315U 16GB 512GB,399.2,PC-Gamer,https://pc-gamer.me/p/HP-250-G10-i3-1315U-16GB-512GB--109953
HP 15-fd0047m i3-N305/8GB/256GB SSD/15.6inch FHD/IntelUHD/NoOS/ChalkboardGray,427.3,PC-Gamer,https://pc-gamer.me/p/HP-15-fd0047m-i3-N305-8GB-256GB-SSD-15-6inch-FHD-IntelUHD-NoOS-ChalkboardGray--101459
ASUS Vivobook Go 15 E1504FA-NJ935,438.0,PC-Gamer,https://pc-gamer.me/p/ASUS-Vivobook-Go-15-E1504FA-NJ935--107606
Asus Vivobook 15 X1504ZA-NJ847,438.9,PC-Gamer,https://pc-gamer.me/p/Asus-Vivobook-15-X1504ZA-NJ847--112119
HP 15-fd0094nm i3-N305,439.0,PC-Gamer,https://pc-gamer.me/p/HP-15-fd0094nm-i3-N305--106842
HP 15-fd0093nm i3-N305 A74SREA,439.0,PC-Gamer,https://pc-gamer.me/p/HP-15-fd0093nm-i3-N305-A74SREA--107019
DELL OEM Vostro 3520 15.6 inch FHD 120Hz,449.0,PC-Gamer,https://pc-gamer.me/p/DELL-OEM-Vostro-3520-15-6-inch-FHD-120Hz--109261
Lenovo 83ER00M1YA,458.3,PC-Gamer,https://pc-gamer.me/p/Lenovo-83ER00M1YA--113152
HP 15-fd0041nm i3-N305/512GB/8GB/15.6inch FHD/Integrated/NoOS/Natural Silver,466.1,PC-Gamer,https://pc-gamer.me/p/HP-15-fd0041nm-i3-N305-512GB-8GB-15-6inch-FHD-Integrated-NoOS-Natural-Silver--111944
HP 15-fd0042nm Intel Core i3-N305/512GB/8GB/15.6 FHD/Integrated/NoOS/Moonlight blue,466.1,PC-Gamer,https://pc-gamer.me/p/HP-15-fd0042nm-Intel-Core-i3-N305-512GB-8GB-15-6-FHD-Integrated-NoOS-Moonlight-blue--111945
Lenovo 83ES0043YA,476.5,PC-Gamer,https://pc-gamer.me/p/Lenovo-83ES0043YA--113154
"LENOVO V15-AMN G4, 82YU00YYYA",477.7,PC-Gamer,https://pc-gamer.me/p/LENOVO-V15-AMN-G4-82YU00YYYA--106216
DELL Inspiron 3535 15.6 inch FHD 120Hz AMD Ryzen 5 7520,479.0,PC-Gamer,https://pc-gamer.me/p/DELL-Inspiron-3535-15-6-inch-FHD-120Hz-AMD-Ryzen-5-7520--108745
HP 255 G10 AK9N9AT,489.0,PC-Gamer,https://pc-gamer.me/p/HP-255-G10-AK9N9AT--113055
Dell Vostro 3530 i5-1334U/8GB/512GB SSD/15.6,497.2,PC-Gamer,https://pc-gamer.me/p/Dell-Vostro-3530-i5-1334U-8GB-512GB-SSD-15-6--110319
LENOVO V15-AMN G4,499.0,PC-Gamer,https://pc-gamer.me/p/LENOVO-V15-AMN-G4--92806
DELL Vostro 3530 15.6 FHD 120Hz i5-1334U,499.0,PC-Gamer,https://pc-gamer.me/p/DELL-Vostro-3530-15-6-FHD-120Hz-i5-1334U--104457
HP 250 G10 9B997EA,499.0,PC-Gamer,https://pc-gamer.me/p/HP-250-G10-9B997EA--113056
ACER Aspire A315 15.6 in,502.3,PC-Gamer,https://pc-gamer.me/p/ACER-Aspire-A315-15-6-in--93525
Acer Aspire 3 A315-44P-R65Z,505.0,PC-Gamer,https://pc-gamer.me/p/Acer-Aspire-3-A315-44P-R65Z--112123
Lenovo IdeaPad Slim 3 Ryzen7 7730U / 16GB / 512GB / 15.6,514.0,PC-Gamer,https://pc-gamer.me/p/Lenovo-IdeaPad-Slim-3-Ryzen7-7730U-16GB-512GB-15-6--110248
Lenovo 83K100B6YA,516.6,PC-Gamer,https://pc-gamer.me/p/Lenovo-83K100B6YA--113160
HP NOT 255 G10 R3-7330U 8G512 7N0C5ES,516.8,PC-Gamer,https://pc-gamer.me/p/HP-NOT-255-G10-R3-7330U-8G512-7N0C5ES--105179
HP 250 G10  i5,529.0,PC-Gamer,https://pc-gamer.me/p/HP-250-G10-i5--109767
Lenovo V15 G4 IRU 83A100ABYA,529.5,PC-Gamer,https://pc-gamer.me/p/Lenovo-V15-G4-IRU-83A100ABYA--107253
Acer A315-24P-R83E,530.1,PC-Gamer,https://pc-gamer.me/p/Acer-A315-24P-R83E--85346
Lenovo V15 G4 IRU 15.6,538.6,PC-Gamer,https://pc-gamer.me/p/Lenovo-V15-G4-IRU-15-6--100554
HP 15-fd0062nm i5-1334U/16GB/512GB SSD/15.6inch FHD IPS/IntelIrisX/NoOS/NaturalSilver,550.3,PC-Gamer,https://pc-gamer.me/p/HP-15-fd0062nm-i5-1334U-16GB-512GB-SSD-15-6inch-FHD-IPS-IntelIrisX-NoOS-NaturalSilver--109474
"Dell Vostro 3520 15.6"" 120hz/i5-1235U/8gb/512gb",565.2,PC-Gamer,https://pc-gamer.me/p/Dell-Vostro-3520-15-6-120hz-i5-1235U-8gb-512gb--93245
ACER Aspire A515 15.6 Ryzen 5 5625U,568.4,PC-Gamer,https://pc-gamer.me/p/ACER-Aspire-A515-15-6-Ryzen-5-5625U--89816
Asus Vivobook X M1603QA-MB511,579.0,PC-Gamer,https://pc-gamer.me/p/Asus-Vivobook-X-M1603QA-MB511--84309
Lenovo 83K20032YA,580.0,PC-Gamer,https://pc-gamer.me/p/Lenovo-83K20032YA--113151
Lenovo V17 G4 IRU,581.3,PC-Gamer,https://pc-gamer.me/p/Lenovo-V17-G4-IRU--100557
ASUS X1605ZA-MB321,581.4,PC-Gamer,https://pc-gamer.me/p/ASUS-X1605ZA-MB321--84779
Asus Vivobook 15 X1504VA-BQ1648,590.0,PC-Gamer,https://pc-gamer.me/p/Asus-Vivobook-15-X1504VA-BQ1648--112349
HP 15-fc0002nm AMD Ryzen 5 7520U/512GB/16GB/15.6 FHD/Integrated/NoOS/Diamond white,595.6,PC-Gamer,https://pc-gamer.me/p/HP-15-fc0002nm-AMD-Ryzen-5-7520U-512GB-16GB-15-6-FHD-Integrated-NoOS-Diamond-white--111941
HP ProBook 455 G10 Ryzen 5-7530U 16GB 512GB,607.2,PC-Gamer,https://pc-gamer.me/p/HP-ProBook-455-G10-Ryzen-5-7530U-16GB-512GB--109721
Lenovo IdeaPad Slim 3 15IRH10 i5-13420H/512GB/8GB Soldered/UHDGraphics/15.3inch WUXGA/bcklit YU/NoOS,621.5,PC-Gamer,https://pc-gamer.me/p/Lenovo-IdeaPad-Slim-3-15IRH10-i5-13420H-512GB-8GB-Soldered-UHDGraphics-15-3inch-WUXGA-bcklit-YU-NoOS--112897
Lenovo IdeaPad Slim 3 15IRH8 83EM00EHYA,644.8,PC-Gamer,https://pc-gamer.me/p/Lenovo-IdeaPad-Slim-3-15IRH8-83EM00EHYA--110521
DELL Inspiron 3535 15.6 FHD AMD Ryzen 7 7730/16GB/1TB/120hz,686.2,PC-Gamer,https://pc-gamer.me/p/DELL-Inspiron-3535-15-6-FHD-AMD-Ryzen-7-7730-16GB-1TB-120hz--108084
HP 255 G10 9G1F9ET,690.0,PC-Gamer,https://pc-gamer.me/p/HP-255-G10-9G1F9ET--113181
Lenovo V15 G4 IRU Intel i7-1355U,691.3,PC-Gamer,https://pc-gamer.me/p/Lenovo-V15-G4-IRU-Intel-i7-1355U--100556
HP ProBook 450 G10 i5-1334U 16GB,693.0,PC-Gamer,https://pc-gamer.me/p/HP-ProBook-450-G10-i5-1334U-16GB--109724
"Lenovo LOQ 15IAX9I, 83FQ003HYA",699.0,PC-Gamer,https://pc-gamer.me/p/Lenovo-LOQ-15IAX9I-83FQ003HYA--105744
Lenovo ThinkBook 16 G7 Ultra 5 125U/8GB DDR5/256GB/16inch WUXGA IPS/IntelUHD/BacklitYu/NoOS/ArcticGrey,705.4,PC-Gamer,https://pc-gamer.me/p/Lenovo-ThinkBook-16-G7-Ultra-5-125U-8GB-DDR5-256GB-16inch-WUXGA-IPS-IntelUHD-BacklitYu-NoOS-ArcticGrey--110256
Asus Vivobook 15 laptop M1502YA-BQ018,716.0,PC-Gamer,https://pc-gamer.me/p/Asus-Vivobook-15-laptop-M1502YA-BQ018--107257
HP ProBook 450 i5-1334U/512 GB/16GB DDR4 3200MT/s/NoOS/Pike silver aluminum/Backlit/15.6,718.3,PC-Gamer,https://pc-gamer.me/p/HP-ProBook-450-i5-1334U-512-GB-16GB-DDR4-3200MT-s-NoOS-Pike-silver-aluminum-Backlit-15-6--113047
NOT AS Vivobook Flip,719.0,PC-Gamer,https://pc-gamer.me/p/NOT-AS-Vivobook-Flip--107648
Acer A515-58GM-55V7 i5-13420H/16GB/512GB/2050,720.0,PC-Gamer,https://pc-gamer.me/p/Acer-A515-58GM-55V7-i5-13420H-16GB-512GB-2050--109129
Lenovo 83EM00ELYA,727.2,PC-Gamer,https://pc-gamer.me/p/Lenovo-83EM00ELYA--108408
Lenovo ThinkBook 14 G7 IML Ultra5 125U/16GB DDR5/512GB SSD/14inch WUXGA IPS/BacklitYU/NoOS/Grey,731.1,PC-Gamer,https://pc-gamer.me/p/Lenovo-ThinkBook-14-G7-IML-Ultra5-125U-16GB-DDR5-512GB-SSD-14inch-WUXGA-IPS-BacklitYU-NoOS-Grey--107353
Lenovo 83J3002ERM,737.5,PC-Gamer,https://pc-gamer.me/p/Lenovo-83J3002ERM--113148
Dell Vostro 3530 i7-1355U/16GB/512GB/15.6inch FHD 120Hz/IntelIris/Yu/NoOS,742.6,PC-Gamer,https://pc-gamer.me/p/Dell-Vostro-3530-i7-1355U-16GB-512GB-15-6inch-FHD-120Hz-IntelIris-Yu-NoOS--110320
HP 15-fd0018nm Intel Core i7-1355U/512GB/16GB/15.6 FHD/Integrated/NoOS/Natural Silver,743.9,PC-Gamer,https://pc-gamer.me/p/HP-15-fd0018nm-Intel-Core-i7-1355U-512GB-16GB-15-6-FHD-Integrated-NoOS-Natural-Silver--111943
DELL OEM Vostro 3530 15.6 inch FHD 120Hz i7-1355U 16GB 512G,744.0,PC-Gamer,https://pc-gamer.me/p/DELL-OEM-Vostro-3530-15-6-inch-FHD-120Hz-i7-1355U-16GB-512G--105160
ACER A515-58GM-55V7,749.0,PC-Gamer,https://pc-gamer.me/p/ACER-A515-58GM-55V7--105095
HP 250 G10 725G9EA,775.5,PC-Gamer,https://pc-gamer.me/p/HP-250-G10-725G9EA--113180
Lenovo 83GS00QRYA,788.8,PC-Gamer,https://pc-gamer.me/p/Lenovo-83GS00QRYA--113155
Lenovo ThinkBook 16 G6 IRL,801.6,PC-Gamer,https://pc-gamer.me/p/Lenovo-ThinkBook-16-G6-IRL--101014
Lenovo 83HS0065YA,818.3,PC-Gamer,https://pc-gamer.me/p/Lenovo-83HS0065YA--113149
ACER ANV15-41-R5H1,841.0,PC-Gamer,https://pc-gamer.me/p/ACER-ANV15-41-R5H1--111595
"Lenovo LOQ 15ARP9 Ryzen5 7235HS / 24GB / 512GB / 15.6""FHD IPS 144Hz / RTX3050 6G",849.0,PC-Gamer,https://pc-gamer.me/p/Lenovo-LOQ-15ARP9-Ryzen5-7235HS-24GB-512GB-15-6-FHD-IPS-144Hz-RTX3050-6G--107991
Lenovo 83DR006GYA,852.9,PC-Gamer,https://pc-gamer.me/p/Lenovo-83DR006GYA--113153
HP ProBook 460 G11 U5-125U / 16GB DDR5 / 512GB SSD / 16.0,896.0,PC-Gamer,https://pc-gamer.me/p/HP-ProBook-460-G11-U5-125U-16GB-DDR5-512GB-SSD-16-0--103934
"IdeaPad, IdeaPad 5 2-in-1 14IRU9",896.9,PC-Gamer,https://pc-gamer.me/p/IdeaPad-IdeaPad-5-2-in-1-14IRU9--105113
MSI MSI NB Katana GF66 12UDO-649XSI i7 / 16GB / 512GB,897.0,PC-Gamer,https://pc-gamer.me/p/MSI-MSI-NB-Katana-GF66-12UDO-649XSI-i7-16GB-512GB--110097
GIGABYTE G5 GE,899.0,PC-Gamer,https://pc-gamer.me/p/GIGABYTE-G5-GE--84435
HP Pavilion x360 14-ek1008nm i5-1335U/16GB/512GB SSD/14inch FHD IPS Touch MicroEdge/IntelIris/NoOS,910.7,PC-Gamer,https://pc-gamer.me/p/HP-Pavilion-x360-14-ek1008nm-i5-1335U-16GB-512GB-SSD-14inch-FHD-IPS-Touch-MicroEdge-IntelIris-NoOS--95839
ACER Nitro AN515 15.6 in,919.0,PC-Gamer,https://pc-gamer.me/p/ACER-Nitro-AN515-15-6-in--96152
Lenovo ThinkBook 16 Ultra 5 125U/512GB/16GB DDR5/16,923.5,PC-Gamer,https://pc-gamer.me/p/Lenovo-ThinkBook-16-Ultra-5-125U-512GB-16GB-DDR5-16--112898
HP EliteBook 640 G11,935.0,PC-Gamer,https://pc-gamer.me/p/HP-EliteBook-640-G11--107071
Lenovo 83J6000DRM,935.0,PC-Gamer,https://pc-gamer.me/p/Lenovo-83J6000DRM--111320
Asus TUF Gaming A15 FA506NC-HN012,939.0,PC-Gamer,https://pc-gamer.me/p/Asus-TUF-Gaming-A15-FA506NC-HN012--112346
HP Victus Gaming Laptop 15-fa1056nn i5-12450H/512GB/16GB/15.6,949.1,PC-Gamer,https://pc-gamer.me/p/HP-Victus-Gaming-Laptop-15-fa1056nn-i5-12450H-512GB-16GB-15-6--111950
Lenovo 83KX004YYA,955.5,PC-Gamer,https://pc-gamer.me/p/Lenovo-83KX004YYA--113150
Lenovo ThinkBook 16 G7 IML 21MS004GYA,955.5,PC-Gamer,https://pc-gamer.me/p/Lenovo-ThinkBook-16-G7-IML-21MS004GYA--110432
DELL Latitude 3450 14 inch FHD i5-1335U 8GB 512GB SSD B,962.0,PC-Gamer,https://pc-gamer.me/p/DELL-Latitude-3450-14-inch-FHD-i5-1335U-8GB-512GB-SSD-B--106411
ACER Nitro 5 AN515,981.0,PC-Gamer,https://pc-gamer.me/p/ACER-Nitro-5-AN515--87592
ACER Nitro V 15 ANV15-51-52ZL 15.6,999.2,PC-Gamer,https://pc-gamer.me/p/ACER-Nitro-V-15-ANV15-51-52ZL-15-6--100678
"Asus NB B2502CBA-BQ0383 15.6""/FHD/i5/16GB/256GB S",1005.0,PC-Gamer,https://pc-gamer.me/p/Asus-NB-B2502CBA-BQ0383-15-6-FHD-i5-16GB-256GB-S--93299
HP Pavilion x360 14-ek1003nm,1012.0,PC-Gamer,https://pc-gamer.me/p/HP-Pavilion-x360-14-ek1003nm---95838
HP ProBook 455 G10 R7-7730U,1025.0,PC-Gamer,https://pc-gamer.me/p/HP-ProBook-455-G10-R7-7730U--109722
HP Victus Gaming 16-r0026nm,1026.1,PC-Gamer,https://pc-gamer.me/p/HP-Victus-Gaming-16-r0026nm--99861
Lenovo LOQ 15IAX9 i5-12600HX/24GB DDR5/512GB/RTX4050/FHD IPS 144Hz,1029.0,PC-Gamer,https://pc-gamer.me/p/Lenovo-LOQ-15IAX9-i5-12600HX-24GB-DDR5-512GB-RTX4050-FHD-IPS-144Hz--110254
HP Victus Gaming Laptop 15-fa0053nm i5-12450H/16GB DDR4/512GB/FHD 144hz/ RTX3050/Shiny silve,1038.9,PC-Gamer,https://pc-gamer.me/p/HP-Victus-Gaming-Laptop-15-fa0053nm-i5-12450H-16GB-DDR4-512GB-FHD-144hz-RTX3050-Shiny-silve--112363
Lenovo 83J00033YA,1047.9,PC-Gamer,https://pc-gamer.me/p/Lenovo-83J00033YA--113144
Acer Nitro ANV15-41-R1MY,1063.3,PC-Gamer,https://pc-gamer.me/p/Acer-Nitro-ANV15-41-R1MY--98564
Lenovo Think ThinkPad E14 Gen6 21M70042CX,1071.0,PC-Gamer,https://pc-gamer.me/p/Lenovo-Think-ThinkPad-E14-Gen6-21M70042CX--107822
Lenovo ThinkPad E16 Gen2 Ultra7 155H,1088.9,PC-Gamer,https://pc-gamer.me/p/Lenovo-ThinkPad-E16-Gen2-Ultra7-155H--105944
HP EliteBook 860 G11 Ultra 5 125U/512 GB SSD/16 GB DDR5 5600 MT/s/16,1103.0,PC-Gamer,https://pc-gamer.me/p/HP-EliteBook-860-G11-Ultra-5-125U-512-GB-SSD-16-GB-DDR5-5600-MT-s-16--113046
HP Pav Plus 14-ew0014nn i5-1335U/512GB/16GB/14,1115.9,PC-Gamer,https://pc-gamer.me/p/HP-Pav-Plus-14-ew0014nn-i5-1335U-512GB-16GB-14--111948
MSI MSI NB Cyborg 15 A13VE-1805XHR i5-13420H / 16GB /,1128.7,PC-Gamer,https://pc-gamer.me/p/MSI-MSI-NB-Cyborg-15-A13VE-1805XHR-i5-13420H-16GB---110098
HP Victus Gaming 15-fa1032nm i5-12450H/512GB/16GB/15.6 FHD/RTX 4040/NoOS/Backlit,1141.5,PC-Gamer,https://pc-gamer.me/p/HP-Victus-Gaming-15-fa1032nm-i5-12450H-512GB-16GB-15-6-FHD-RTX-4040-NoOS-Backlit--111949
GIGABYTE G6 MF 16 inch FHD+ 165Hz i7-13620H 16GB 1TB SSD Ge,1141.5,PC-Gamer,https://pc-gamer.me/p/GIGABYTE-G6-MF-16-inch-FHD-165Hz-i7-13620H-16GB-1TB-SSD-Ge--108814
"HP Victus 16-r1020nm, A74T0EA",1145.0,PC-Gamer,https://pc-gamer.me/p/HP-Victus-16-r1020nm-A74T0EA--107365
Lenovo Yoga PRO 7 14IMH9 83E2004EYA,1153.1,PC-Gamer,https://pc-gamer.me/p/Lenovo-Yoga-PRO-7-14IMH9-83E2004EYA--107806
NOT HP Victus 15-fb2015nm,1153.1,PC-Gamer,https://pc-gamer.me/p/NOT-HP-Victus-15-fb2015nm--104789
GIGABYTE AERO 14 OLED BMF,1189.7,PC-Gamer,https://pc-gamer.me/p/GIGABYTE-AERO-14-OLED-BMF--107010
GIGABYTE G5 MF5 15.6 FHD 144Hz i7-13620H 16GB 1TB SSD,1199.0,PC-Gamer,https://pc-gamer.me/p/GIGABYTE-G5-MF5-15-6-FHD-144Hz-i7-13620H-16GB-1TB-SSD--100454
"Lenovo LOQ 15ARP9, 83JC003AYA",1199.0,PC-Gamer,https://pc-gamer.me/p/Lenovo-LOQ-15ARP9-83JC003AYA--104432
DELL Latitude 5450 14 inch FHD Core Ultra 5 125U 8GB 51,1205.6,PC-Gamer,https://pc-gamer.me/p/DELL-Latitude-5450-14-inch-FHD-Core-Ultra-5-125U-8GB-51--110047
HP Pavilion Aero 13-bg0035nn,1217.2,PC-Gamer,https://pc-gamer.me/p/HP-Pavilion-Aero-13-bg0035nn--109977
GIGABYTE G7 MF 17.3 inch FHD 144Hz i5-12500H 16GB 512GB SSD,1224.0,PC-Gamer,https://pc-gamer.me/p/GIGABYTE-G7-MF-17-3-inch-FHD-144Hz-i5-12500H-16GB-512GB-SSD--91977
HP Victus Gaming Laptop 15-fb2029nm A71S0EA,1226.0,PC-Gamer,https://pc-gamer.me/p/HP-Victus-Gaming-Laptop-15-fb2029nm-A71S0EA--110877
Tesla Book9,1228.7,PC-Gamer,https://pc-gamer.me/p/Tesla-Book9---82641
Asus TUF Gaming F15 FA507NUR-LP003,1249.0,PC-Gamer,https://pc-gamer.me/p/Asus-TUF-Gaming-F15-FA507NUR-LP003--108003
HP EliteBook 840 G11 Ultra 7 155U/16GB DDR5/1TB SSD/14,1269.8,PC-Gamer,https://pc-gamer.me/p/HP-EliteBook-840-G11-Ultra-7-155U-16GB-DDR5-1TB-SSD-14--112690
"UX3405CA-QL279, 14",1269.8,PC-Gamer,https://pc-gamer.me/p/UX3405CA-QL279-14--109772
"GIGABYTE G5 KD 15.6"" FHD 144Hz i5-11400H 16GB 512GB SSD GeForce RTX 3060P 6GB",1299.0,PC-Gamer,https://pc-gamer.me/p/GIGABYTE-G5-KD-15-6-FHD-144Hz-i5-11400H-16GB-512GB-SSD-GeForce-RTX-3060P-6GB--77259
Lenovo Think 21L50019YA,1301.8,PC-Gamer,https://pc-gamer.me/p/Lenovo-Think-21L50019YA--111757
HP Pavilion Aero,1340.3,PC-Gamer,https://pc-gamer.me/p/HP-Pavilion-Aero--109978
HP EliteBook 830 G11 Win11 PRO/Ultra7 155U/16GB DDR5/512GB SSD/13.3,1349.0,PC-Gamer,https://pc-gamer.me/p/HP-EliteBook-830-G11-Win11-PRO-Ultra7-155U-16GB-DDR5-512GB-SSD-13-3--101540
HP Spectre x360 14-ef0018nn,129900152900.0,PC-Gamer,https://pc-gamer.me/p/HP-Spectre-x360-14-ef0018nn--79161
Lenovo Think ThinkPad L14 Gen5 21L1002KYA,1378.8,PC-Gamer,https://pc-gamer.me/p/Lenovo-Think-ThinkPad-L14-Gen5-21L1002KYA--107824
ACER Nitro 5 AN515 15.6 I7-12700H,1398.6,PC-Gamer,https://pc-gamer.me/p/ACER-Nitro-5-AN515-15-6-I7-12700H--87594
Lenovo Legion 5 16IRX9,1409.6,PC-Gamer,https://pc-gamer.me/p/Lenovo-Legion-5-16IRX9--98396
"ACER Nitro 5 AN515 15.6"" FHD IPS 165Hz Ryzen 7 6800H 1",1410.9,PC-Gamer,https://pc-gamer.me/p/ACER-Nitro-5-AN515-15-6-FHD-IPS-165Hz-Ryzen-7-6800H-1--105969
HP EliteBook 860 G11 Ultra 7 155U/1TB SSD/32GB DDR5/16inch WUXGA/Intel Graphics/Bcklt/NoOS,1423.7,PC-Gamer,https://pc-gamer.me/p/HP-EliteBook-860-G11-Ultra-7-155U-1TB-SSD-32GB-DDR5-16inch-WUXGA-Intel-Graphics-Bcklt-NoOS--113256
HP ENVY x360 15-es1026nn,1430.0,PC-Gamer,https://pc-gamer.me/p/HP-ENVY-x360-15-es1026nn--72835
Apple MacBook Air 13.6inča,1436.5,PC-Gamer,https://pc-gamer.me/p/Apple-MacBook-Air-13-6in-a--110648
Lenovo ThinkPad L14 Gen 5 (AMD) 21L5001AYA,1439.0,PC-Gamer,https://pc-gamer.me/p/Lenovo-ThinkPad-L14-Gen-5-AMD-21L5001AYA--111756
ASUS Zenbook 14 UM3406KA-QD149W,1460.9,PC-Gamer,https://pc-gamer.me/p/ASUS-Zenbook-14-UM3406KA-QD149W--109774
HP EliteBook 830,1462.2,PC-Gamer,https://pc-gamer.me/p/HP-EliteBook-830--107075
Dell G15 5530 i7-13650HX/16GB/512GB/15.6,1473.7,PC-Gamer,https://pc-gamer.me/p/Dell-G15-5530-i7-13650HX-16GB-512GB-15-6--110245
HP Victus 16-r0075nia i5/16GB/512GB/RTX4060,1478.9,PC-Gamer,https://pc-gamer.me/p/HP-Victus-16-r0075nia-i5-16GB-512GB-RTX4060--92899
Lenovo Legion 5 i5-13450HX/16GB DDR5/1TB/RTX4060/16,1499.4,PC-Gamer,https://pc-gamer.me/p/Lenovo-Legion-5-i5-13450HX-16GB-DDR5-1TB-RTX4060-16--110251
Lenovo ThinkPad L14 Gen 5 (Intel) 21L10032YA,1507.1,PC-Gamer,https://pc-gamer.me/p/Lenovo-ThinkPad-L14-Gen-5-Intel-21L10032YA--111802
"Lenovo Yoga Slim 7 Ultra 7/1TB SSD/16GB Soldered/14"" WQXGA/Bklit YU/Win11 Home/Seashell/IntelGraphic",1513.5,PC-Gamer,https://pc-gamer.me/p/Lenovo-Yoga-Slim-7-Ultra-7-1TB-SSD-16GB-Soldered-14-WQXGA-Bklit-YU-Win11-Home-Seashell-IntelGraphic--112899
DELL G15 5515 15.6,1548.0,PC-Gamer,https://pc-gamer.me/p/DELL-G15-5515-15-6--71909
APPLE MBA 15.3: MIDNIGHT/M3 10C GPU/16GB/256GB-ZEE (mc9g,1590.4,PC-Gamer,https://pc-gamer.me/p/APPLE-MBA-15-3-MIDNIGHT-M3-10C-GPU-16GB-256GB-ZEE-mc9g--109564
Lenovo ThinkPad L16 Gen1 21L3002RYA,1628.9,PC-Gamer,https://pc-gamer.me/p/Lenovo-ThinkPad-L16-Gen1-21L3002RYA--107820
Lenovo 83DH007BYA,1648.1,PC-Gamer,https://pc-gamer.me/p/Lenovo-83DH007BYA--113157
Asus Vivobook S 14 S5406SA-QD040X OLED,1679.0,PC-Gamer,https://pc-gamer.me/p/Asus-Vivobook-S-14-S5406SA-QD040X-OLED--112117
Acer Nitro AN515-46-R9TD,1692.0,PC-Gamer,https://pc-gamer.me/p/Acer-Nitro-AN515-46-R9TD--84147
Lenovo 83DG00HLYA,1725.1,PC-Gamer,https://pc-gamer.me/p/Lenovo-83DG00HLYA--107336
HP Omen 16-wf1001nn IntelCore i5 14500HX/16GB DDR5/512GB/RTX4060/16.1,1782.8,PC-Gamer,https://pc-gamer.me/p/HP-Omen-16-wf1001nn-IntelCore-i5-14500HX-16GB-DDR5-512GB-RTX4060-16-1--111501
Asus Zenbook A14 UX3407RA-QD026X,1789.0,PC-Gamer,https://pc-gamer.me/p/Asus-Zenbook-A14-UX3407RA-QD026X--112118
HP OMEN 16-wd0021nia Win11 Home i7-3620H/16GB/1TB/16,1821.3,PC-Gamer,https://pc-gamer.me/p/HP-OMEN-16-wd0021nia-Win11-Home-i7-3620H-16GB-1TB-16--111500
APPLE MBA 15.3 MIDNIGHT/M3/10C GPU/16GB/512GB-CRO (mxd43,1859.8,PC-Gamer,https://pc-gamer.me/p/APPLE-MBA-15-3-MIDNIGHT-M3-10C-GPU-16GB-512GB-CRO-mxd43--109565
Acer Predator Helios Neo 16 PHN16-72-93YZ,1949.0,PC-Gamer,https://pc-gamer.me/p/Acer-Predator-Helios-Neo-16-PHN16-72-93YZ--110883
"ASUS TUF Gaming A15 FA507UI-HQ029, 90NR0I65-M001A0",2019.0,PC-Gamer,https://pc-gamer.me/p/-ASUS-TUF-Gaming-A15-FA507UI-HQ029-90NR0I65-M001A0--111625
APPLE MacBook Air 13.6 M3 24GB 512GB SSD Space grey,2032.8,PC-Gamer,https://pc-gamer.me/p/APPLE-MacBook-Air-13-6-M3-24GB-512GB-SSD-Space-grey--110287
"Lenovo Yoga 9 2-in-1 14ILL10 Win11 Pro Ultra7 258V/1TB SSD/32GB/Copilot+ PC/Intel Arc/bcklt yu/14""",2052.2,PC-Gamer,https://pc-gamer.me/p/Lenovo-Yoga-9-2-in-1-14ILL10-Win11-Pro-Ultra7-258V-1TB-SSD-32GB-Copilot-PC-Intel-Arc-bcklt-yu-14---113163
DELL G16 7630 16 inch QHD+ 240Hz 300nits i7-13650HX 32G,2069.0,PC-Gamer,https://pc-gamer.me/p/DELL-G16-7630-16-inch-QHD-240Hz-300nits-i7-13650HX-32G--106426
ASUS Zenbook Duo UX8406CA-QL075W,2089.4,PC-Gamer,https://pc-gamer.me/p/ASUS-Zenbook-Duo-UX8406CA-QL075W--111480
Lenovo ThinkPad T14 Gen5 21ML0033YA,2097.1,PC-Gamer,https://pc-gamer.me/p/Lenovo-ThinkPad-T14-Gen5-21ML0033YA--107815
ASUS Zenbook Pro OLED 15,2225.0,PC-Gamer,https://pc-gamer.me/p/ASUS-Zenbook-Pro-OLED-15---72493
HP Spectre x360 16,2881.7,PC-Gamer,https://pc-gamer.me/p/HP-Spectre-x360-16--99139
Apple MacBook Pro 16inča M4 Pro/14-Core CPU/20-Core GPU/48GB/512GB SSD/Silver,3739.0,PC-Gamer,https://pc-gamer.me/p/Apple-MacBook-Pro-16in-a-M4-Pro-14-Core-CPU-20-Core-GPU-48GB-512GB-SSD-Silver--110362
